,time,open,high,low,close,volume,daily_return,fast_close,slow_close,crossover_long,crossover_short,crossover_signal,macd_short_window,macd_long_window,macd,macd_signal,macd_crossover_long,macd_crossover_short,macd_crossover_signal,rsi,rsi_long,rsi_short,rsi_signal,fast_volatility,slow_volatility,volatility_trend_long,volatility_trend_short,volatility_trend_signal,bollinger_mid_band,bollinger_std,bollinger_upper_band,bollinger_lower_band,bollinger_long,bollinger_short,bollinger_signal
0,2020-03-02,194.1,196.57,188.85,196.54,21795546,0.0,196.54,196.54,0.0,0.0,0.0,196.54,196.54,0.0,0.0,0.0,0.0,0.0,0.0,0.0,0.0,0.0,0.0,0.0,0.0,0.0,0.0,0.0,0.0,0.0,0.0,0.0,0.0,0.0
1,2020-03-03,196.22,197.24,183.97,185.89,24693345,-0.05418744275974363,189.43999999999997,190.8464891112949,0.0,-1.0,-1.0,194.90153846153845,195.7511111111111,-0.8495726495726501,-0.16991452991453004,0.0,-1.0,-1.0,0.0,0.0,0.0,0.0,0.0,0.0,0.0,0.0,0.0,0.0,0.0,0.0,0.0,0.0,0.0,0.0
2,2020-03-04,189.05,191.83,186.39,191.79,20486825,0.03173920060250679,190.78285714285715,191.2054556738763,0.0,-1.0,-1.0,194.42284023668637,195.45769547325102,-1.0348552365646526,-0.34290267124455454,0.0,-1.0,-1.0,0.0,0.0,0.0,0.0,0.060759312206045316,0.06075931220604531,0.0,-1.0,-1.0,0.0,0.0,0.0,0.0,0.0,0.0,0.0
3,2020-03-05,186.78,188.99,183.8901,185.02,21975861,-0.035299024975233184,187.70933333333335,189.3243275039964,0.0,-1.0,-1.0,192.97624943104233,194.68453284560277,-1.7082834145604409,-0.6159788199077318,0.0,-1.0,-1.0,0.0,0.0,0.0,0.0,0.04315538986926496,0.04447960572299498,1.0,0.0,1.0,0.0,0.0,0.0,0.0,0.0,0.0,0.0
4,2020-03-06,178.33,183.78,176.26,181.11,21916170,-0.021132850502648348,184.30322580645162,187.19764736740942,0.0,-1.0,-1.0,191.15067259549735,193.67901189407664,-2.528339298579283,-0.998450915642042,0.0,-1.0,-1.0,0.0,0.0,0.0,0.0,0.02828890999652878,0.03503759499139903,1.0,0.0,1.0,0.0,0.0,0.0,0.0,0.0,0.0,0.0
5,2020-03-09,169.6,175.0,165.19,168.6,26168734,-0.06907404339903933,176.32698412698414,182.93458804400268,0.0,-1.0,-1.0,187.68133835003624,191.82130730933022,-4.139968959293981,-1.62675452437243,0.0,-1.0,-1.0,0.0,0.0,0.0,0.0,0.03610036144989183,0.03812433477565022,1.0,0.0,1.0,0.0,0.0,0.0,0.0,0.0,0.0,0.0
6,2020-03-10,174.67,178.29,169.5,178.19,42200790,0.05688018979833931,177.26582677165356,181.9456763257848,0.0,-1.0,-1.0,186.22113245003067,190.81158084197244,-4.590448391941777,-2.2194932978862996,0.0,-1.0,-1.0,0.0,0.0,0.0,0.0,0.0679168340275806,0.052713601239653705,0.0,-1.0,-1.0,0.0,0.0,0.0,0.0,0.0,0.0,0.0
7,2020-03-11,173.86,175.88,167.66,170.22,37010571,-0.04472753802121332,173.72909803921567,179.68059641535316,0.0,-1.0,-1.0,183.75941976541057,189.28627855738188,-5.526858791971307,-2.8809663967033012,0.0,-1.0,-1.0,0.0,0.0,0.0,0.0,0.05713459682875276,0.048510748670972804,0.0,-1.0,-1.0,0.0,0.0,0.0,0.0,0.0,0.0,0.0
8,2020-03-12,159.54,166.6,154.34,154.46,39090919,-0.09258606509223355,164.07569471624265,175.10052400523136,0.0,-1.0,-1.0,179.2518167245782,186.70655421979802,-7.454737495219831,-3.7957206164066073,0.0,-1.0,-1.0,0.0,0.0,0.0,0.0,0.0603523309193042,0.0533887704155405,0.0,-1.0,-1.0,0.0,0.0,0.0,0.0,0.0,0.0,0.0
9,2020-03-13,163.16,170.79,157.6,170.62,29428089,0.10462255600155368,167.351045943304,174.32718892707751,0.0,-1.0,-1.0,177.9238449207969,185.51495761092409,-7.591112690127176,-4.554799031150721,0.0,-1.0,-1.0,0.0,0.0,0.0,0.0,0.10731779223770602,0.07425349747740555,0.0,-1.0,-1.0,0.0,0.0,0.0,0.0,0.0,0.0,0.0
10,2020-03-16,152.32,159.13,143.1,145.96,72152076,-0.14453170788887582,156.6502979970689,169.6335625218523,0.0,-1.0,-1.0,173.0063303175974,182.58496075085563,-9.57863043325824,-5.559565311572225,0.0,-1.0,-1.0,0.0,0.0,0.0,0.0,0.12830935876227506,0.08673806679073334,0.0,-1.0,-1.0,0.0,0.0,0.0,0.0,0.0,0.0,0.0
11,2020-03-17,150.74,153.94,140.0,149.42,31562530,0.023705124691696167,153.0342661782662,166.40528379644294,0.0,-1.0,-1.0,169.37766411489008,180.12829699153298,-10.750632876642896,-6.59777882458636,0.0,-1.0,-1.0,0.0,0.0,0.0,0.0,0.10421478331031402,0.08183537905967196,0.0,-1.0,-1.0,0.0,0.0,0.0,0.0,0.0,0.0,0.0
12,2020-03-18,139.75,148.18,137.1006,147.05,29590793,-0.015861330477847546,150.04176779392017,163.40486939435593,0.0,-1.0,-1.0,165.94263886644546,177.67805276993795,-11.735413903492486,-7.625305840367585,0.0,-1.0,-1.0,0.0,0.0,0.0,0.0,0.07368682421118944,0.07480177084834932,1.0,0.0,1.0,0.0,0.0,0.0,0.0,0.0,0.0,0.0
13,2020-03-19,146.62,159.9294,144.8,153.03,70865214,0.04066643998639918,151.53597509613624,161.83667570671682,0.0,-1.0,-1.0,163.95607904083846,175.85227108327587,-11.896192042437406,-8.479483080781549,0.0,-1.0,-1.0,0.0,0.0,0.0,0.0,0.062948963188637,0.07252057248233418,1.0,0.0,1.0,0.0,0.0,0.0,0.0,0.0,0.0,0.0
14,2020-03-20,156.02,159.27,148.0,149.73,30645720,-0.02156439913742414,150.63295999023404,160.0455873060414,0.0,-1.0,-1.0,161.76745149609405,173.91728804007025,-12.149836543976193,-9.213553773420479,0.0,-1.0,-1.0,33.5555420459002,1.0,0.0,1.0,0.048980532615966556,0.06676542813941803,1.0,0.0,1.0,0.0,0.0,0.0,0.0,0.0,0.0,0.0
15,2020-03-23,149.66,152.31,142.25,147.8,26881306,-0.01288986842984019,149.21645838101776,158.26684195640547,0.0,-1.0,-1.0,159.61861280438728,171.98267411117615,-12.36406130678887,-9.843655280094158,0.0,-1.0,-1.0,32.71679237959664,1.0,0.0,1.0,0.03497975491851083,0.061513038823217264,1.0,0.0,1.0,0.0,0.0,0.0,0.0,0.0,0.0,0.0
16,2020-03-24,155.205,161.31,152.57,161.22,25999531,0.0907983761840323,155.21827498073563,158.68913100866962,0.0,-1.0,-1.0,159.8649800652508,171.18543899182978,-11.320458926578993,-10.139016009391124,0.0,-1.0,-1.0,43.324948761963874,1.0,0.0,1.0,0.06586207277148547,0.0685024202164041,1.0,0.0,1.0,0.0,0.0,0.0,0.0,0.0,0.0,0.0
17,2020-03-25,158.92,162.99,153.06,156.16,62557455,-0.031385684158293015,155.68913928657258,158.33230963518136,0.0,-1.0,-1.0,159.29498313213526,170.07244351095352,-10.777460378818262,-10.266704883276551,0.0,-1.0,-1.0,40.7181700714155,1.0,0.0,1.0,0.06427731541660903,0.06449351775155192,1.0,0.0,1.0,0.0,0.0,0.0,0.0,0.0,0.0,0.0
18,2020-03-26,158.35,164.0,157.0201,163.35,23443636,0.04604252049180335,159.51957694926634,159.03208634896058,1.0,0.0,1.0,159.91883188103753,169.57448473236437,-9.655652851326835,-10.144494476886608,1.0,0.0,1.0,45.71620580267916,1.0,0.0,1.0,0.05200039720769884,0.062288370277780794,1.0,0.0,1.0,0.0,0.0,0.0,0.0,0.0,0.0,0.0
19,2020-03-27,158.32,160.09,154.75,156.77,42910937,-0.04028160391796742,158.14478716353145,158.71973882506887,0.0,-1.0,-1.0,159.43439620703174,168.62600438181886,-9.19160817478712,-9.953917216466712,1.0,0.0,1.0,42.20897573613589,1.0,0.0,1.0,0.054502459549552844,0.05990783300921495,1.0,0.0,1.0,165.6465,16.092406275533882,197.83131255106775,133.46168744893225,0.0,0.0,0.0
20,2020-03-30,159.18,166.75,158.06,165.85,20555939,0.05791924475346044,161.99739541883247,159.6958571394944,1.0,0.0,1.0,160.4214121751807,168.42037442761006,-7.998962252429351,-9.56292622365924,1.0,0.0,1.0,48.12337242670324,1.0,0.0,1.0,0.055559674947276705,0.05961517753493328,1.0,0.0,1.0,164.11200000000002,14.361653108190582,192.83530621638118,135.38869378361886,0.0,0.0,0.0
21,2020-03-31,165.48,170.93,164.2,166.79,42024824,0.005667772083207678,164.39369828073936,160.65985058792734,1.0,0.0,1.0,161.4011949174606,168.29960595149078,-6.898411034030175,-9.030023185733427,1.0,0.0,1.0,48.70859536376529,1.0,0.0,1.0,0.04107470920147522,0.055346830037072636,1.0,0.0,1.0,163.157,13.44292891801252,190.04285783602506,136.27114216397496,0.0,0.0,0.0
22,2020-04-01,161.615,164.15,158.035,159.6,17568762,-0.04310810000599552,161.99684885464293,160.51675294926002,1.0,0.0,1.0,161.12408800708207,167.65519069582479,-6.53110268874272,-8.530239086335285,1.0,0.0,1.0,44.567165266180105,1.0,0.0,1.0,0.04614860522594512,0.05432920247821267,1.0,0.0,1.0,161.5475,11.64051042243154,184.82852084486308,138.26647915513695,0.0,0.0,0.0
23,2020-04-02,159.1,161.3509,155.92,158.2,36188716,-0.00877192982456143,160.09842431416655,160.20568420516398,0.0,-1.0,-1.0,160.6742283136848,166.95480619983778,-6.280577886152969,-8.080306846298823,1.0,0.0,1.0,43.786493053419136,1.0,0.0,1.0,0.032778453074522006,0.0505868975017433,1.0,0.0,1.0,160.2065,10.256730922205517,180.71996184441105,139.69303815558897,0.0,0.0,0.0
24,2020-04-03,157.15,157.91,150.83,154.19,32151306,-0.025347661188369064,157.1442120690409,159.40183704981237,0.0,-1.0,-1.0,159.67665472696407,166.00926499984982,-6.332610272885745,-7.730767531616208,1.0,0.0,1.0,41.541882976072664,1.0,0.0,1.0,0.02472293583123319,0.04778908628345704,1.0,0.0,1.0,158.8605,9.066472925884133,176.99344585176826,140.72755414823175,0.0,0.0,0.0
25,2020-04-06,160.15,166.2,158.51,165.55,23379664,0.07367533562487849,161.34710609714847,160.2199703558022,1.0,0.0,1.0,160.58024630743114,165.97524537023133,-5.394999062800196,-7.263613837853006,1.0,0.0,1.0,49.44791328205331,1.0,0.0,1.0,0.05898750244388244,0.05242267074866314,0.0,-1.0,-1.0,158.70800000000003,8.918473199518337,176.5449463990367,140.87105360096336,0.0,0.0,0.0
26,2020-04-07,171.5,173.39,166.01,168.83,28489714,0.019812745394140796,165.08855307645018,161.36157043948424,1.0,0.0,1.0,161.84943918321096,166.18670867614014,-4.337269492929181,-6.678344968868242,1.0,0.0,1.0,51.4879747532461,1.0,0.0,1.0,0.04198748615222772,0.04905058003441096,1.0,0.0,1.0,158.24,8.045169194518012,174.33033838903603,142.149661610964,0.0,0.0,0.0
27,2020-04-08,171.16,175.0,167.74,174.28,38964830,0.03228099271456486,169.68427655534546,163.06905766451948,1.0,0.0,1.0,163.76183315502465,166.78621173716678,-3.024378582142134,-5.94755169152302,1.0,0.0,1.0,54.75520775204696,1.0,0.0,1.0,0.03014634816308698,0.046495800004852275,1.0,0.0,1.0,158.44300000000004,8.406473758516833,175.25594751703372,141.63005248296636,0.0,0.0,0.0
28,2020-04-09,175.9,177.08,171.57,175.2,21496914,0.005278861602019624,172.44213828280965,164.66810161585443,1.0,0.0,1.0,165.52155113117468,167.40945531219148,-1.8879041810168076,-5.1356221894217775,1.0,0.0,1.0,55.30246345707169,1.0,0.0,1.0,0.025459987772310334,0.04334727319175599,1.0,0.0,1.0,159.48000000000002,9.136775315060301,177.75355063012063,141.2064493698794,0.0,0.0,0.0
29,2020-04-13,173.67,175.0,169.45,174.79,17528292,-0.002340182648401856,173.6160691424981,165.99917366075755,1.0,0.0,1.0,166.94746634176317,167.95616232610323,-1.0086959843400507,-4.310236948405432,1.0,0.0,1.0,54.9832853474814,1.0,0.0,1.0,0.021430827129985706,0.0406154754825236,1.0,0.0,1.0,159.68850000000003,9.44669158182407,178.58188316364817,140.7951168363519,0.0,0.0,0.0
30,2020-04-14,178.9765,181.225,176.62,178.14,38605489,0.019165856170261453,175.87803457230237,167.59246936133005,1.0,0.0,1.0,168.66939459687651,168.7105206723178,-0.04112607544129787,-3.4564147738126056,1.0,0.0,1.0,57.15896146595429,1.0,0.0,1.0,0.01684511244199433,0.03803076237101748,1.0,0.0,1.0,161.2975,9.721836990697009,180.74117398139404,141.853826018606,0.0,0.0,0.0
31,2020-04-15,175.1865,178.19,172.82,176.91,47845841,-0.0069046817110137715,176.39401728627132,168.8130722668285,1.0,0.0,1.0,169.9371800435109,169.31788951140538,0.6192905321055093,-2.641273712628983,1.0,0.0,1.0,56.08712479156894,1.0,0.0,1.0,0.017112584051914948,0.03592455406920692,1.0,0.0,1.0,162.672,9.895927711091987,182.46385542218397,142.88014457781603,0.0,0.0,0.0
32,2020-04-16,177.95,178.05,172.51,176.28,57355702,-0.0035611327793793057,176.33700864312902,169.78972988275177,1.0,0.0,1.0,170.91299849835536,169.83360139944944,1.079397098905929,-1.8971395503220008,1.0,0.0,1.0,55.512930907647444,1.0,0.0,1.0,0.012774820863040832,0.03371344559396582,1.0,0.0,1.0,164.1335,9.621985392565156,183.3774707851303,144.8895292148697,0.0,0.0,0.0
33,2020-04-17,179.2,180.28,176.66,179.25,53613756,0.01684819605173593,177.7935043216493,171.02544609219157,1.0,0.0,1.0,172.19561411399297,170.53111240689762,1.6645017070953543,-1.1848112988385298,1.0,0.0,1.0,57.7109136136,1.0,0.0,1.0,0.013813206047210222,0.03164850917978254,1.0,0.0,1.0,165.4445,9.813835279580413,185.07217055916084,145.81682944083917,0.0,0.0,0.0
34,2020-04-20,177.41,180.5,176.77,178.26,40954257,-0.005523012552301254,178.02675216083142,171.96932910640976,1.0,0.0,1.0,173.12859655799406,171.10362259897929,2.0249739590147726,-0.5428542472678692,1.0,0.0,1.0,56.70519439590543,1.0,0.0,1.0,0.012931279840296012,0.029859221469620542,1.0,0.0,1.0,166.87099999999998,9.47714530636177,185.8252906127235,147.91670938727646,0.0,0.0,0.0
35,2020-04-21,175.25,175.38,168.3408,170.67,63386103,-0.042578256479299914,174.3483760803622,171.79997991176714,1.0,0.0,1.0,172.7503509336873,171.0715024064623,1.678848527225,-0.09851369236929541,1.0,0.0,1.0,49.572539217654395,1.0,0.0,1.0,0.02843888435488044,0.03257996699466426,1.0,0.0,1.0,168.01449999999997,8.37001821981291,184.75453643962578,151.27446356037416,0.0,0.0,0.0
36,2020-04-22,178.45,184.78,178.14,182.31,57720085,0.06820179293373196,178.32918804021006,173.168599370006,1.0,0.0,1.0,174.22106617465846,171.90398370968728,2.317082464971179,0.38460553909879946,1.0,0.0,1.0,58.24649512320206,1.0,0.0,1.0,0.05797364149971141,0.03869889485298349,0.0,-1.0,-1.0,169.069,8.78708256476517,186.64316512953033,151.49483487046965,0.0,0.0,0.0
37,2020-04-23,184.08,187.05,183.15,185.15,56756444,0.015577861883604882,181.73959402011744,174.72762063911364,1.0,0.0,1.0,175.9024406093264,172.8851701015623,3.0172705077640956,0.9111385328318589,1.0,0.0,1.0,60.05198619093873,1.0,0.0,1.0,0.0413020128882902,0.03617358453413498,0.0,-1.0,-1.0,170.5185,8.935378691942557,188.3892573838851,152.64774261611487,0.0,0.0,0.0
38,2020-04-24,183.23,190.41,180.825,190.1,79317274,0.02673507966513622,185.91979701006633,176.72653582641078,1.0,0.0,1.0,178.08668051558388,174.16034268663176,3.9263378289521143,1.51417839205591,1.0,0.0,1.0,63.050988330994905,1.0,0.0,1.0,0.029521719425799155,0.034273027188809035,1.0,0.0,1.0,171.856,9.769039386056122,191.39407877211224,152.31792122788775,0.0,0.0,0.0
39,2020-04-27,192.657,193.75,187.41,187.54,106374064,-0.013466596528143082,186.7298985050339,178.13182207189587,1.0,0.0,1.0,179.5410373593402,175.15142841354793,4.389608945792276,2.089264502803183,1.0,0.0,1.0,60.520504460326414,1.0,0.0,1.0,0.030664280724864837,0.03314557563452998,1.0,0.0,1.0,173.3945,9.690769604438842,192.77603920887768,154.0129607911223,0.0,0.0,0.0
40,2020-04-28,188.66,189.2,182.56,182.86,35867080,-0.02495467633571491,184.7949492525161,178.74597050720868,1.0,0.0,1.0,180.0516469963648,175.72243371624808,4.329213280116733,2.537254258265893,1.0,0.0,1.0,56.0887280881606,1.0,0.0,1.0,0.028351215647934205,0.033030209983756026,1.0,0.0,1.0,174.245,9.740092131845676,193.72518426369135,154.76481573630866,0.0,0.0,0.0
41,2020-04-29,190.93,196.91,190.0,193.99,69449829,0.06086623646505518,189.3924746262591,180.72516070096998,1.0,0.0,1.0,182.19600899692406,177.0755867743038,5.120422222620277,3.05388785113677,1.0,0.0,1.0,63.02353915886653,1.0,0.0,1.0,0.04782588787263704,0.036621873283522545,0.0,-1.0,-1.0,175.60500000000002,10.512685319725822,196.63037063945166,154.57962936054838,0.0,0.0,0.0
42,2020-04-30,206.92,209.69,201.5701,204.71,82242605,0.05526058044229076,197.0512373131304,183.83800695261175,1.0,0.0,1.0,185.65969992047422,179.1225803465776,6.537119573896632,3.7505341956887426,1.0,0.0,1.0,68.22812078535729,1.0,0.0,1.0,0.038441405422103725,0.03741788179009563,0.0,-1.0,-1.0,177.86050000000003,11.67320344567892,201.20690689135787,154.5140931086422,0.0,-1.0,-1.0
43,2020-05-01,201.6,207.28,199.0501,202.28,27688202,-0.011870450881735217,199.66561865656533,186.230680650897,1.0,0.0,1.0,188.2166691634782,180.83794476534962,7.378724398128583,4.476172236176711,1.0,0.0,1.0,65.96165988697439,1.0,0.0,1.0,0.04196385716481264,0.036337587894930405,0.0,-1.0,-1.0,180.06450000000004,11.924398462153555,203.91329692430713,156.21570307569294,0.0,0.0,0.0
44,2020-05-04,200.2,205.91,198.7562,205.24,17168353,0.014633181728297417,202.45280932828274,188.69624188204205,1.0,0.0,1.0,190.83564313832773,182.64550441236076,8.19013872596696,5.218965534134761,1.0,0.0,1.0,67.38300295690607,1.0,0.0,1.0,0.029673939292196316,0.033900518798270766,1.0,0.0,1.0,182.61700000000002,11.552273004865604,205.72154600973124,159.5124539902688,0.0,0.0,0.0
45,2020-05-05,207.02,210.38,206.5,207.08,39463915,0.00896511401286304,204.76640466414142,191.08006221047785,1.0,0.0,1.0,193.33477496320037,184.45546704848218,8.879307914718197,5.951034010251449,1.0,0.0,1.0,68.26997861830571,1.0,0.0,1.0,0.02124814387455338,0.031664994118465795,1.0,0.0,1.0,184.69350000000003,12.045012191119172,208.78352438223837,160.6034756177617,0.0,0.0,0.0
46,2020-05-06,208.12,211.6,206.66,208.46,18415468,0.00666409117249378,206.61320233207073,193.33322047402504,1.0,0.0,1.0,195.66173266116954,186.23358060044646,9.428152060723079,6.6464576203457755,1.0,0.0,1.0,68.95192211888366,1.0,0.0,1.0,0.015337818378717703,0.02962092368985161,1.0,0.0,1.0,186.675,12.547243563931888,211.76948712786378,161.58051287213624,0.0,0.0,0.0
47,2020-05-07,211.16,211.6,209.04,211.3,24770066,0.013623716780197581,208.95660116603537,195.66201080021116,1.0,0.0,1.0,198.06761994406654,188.0903524078208,9.977267536245733,7.312619603525768,1.0,0.0,1.0,70.36357457227881,0.0,-1.0,-1.0,0.01118141083504796,0.02763871914822291,1.0,0.0,1.0,188.526,13.32876525256158,215.18353050512317,161.86846949487685,0.0,0.0,0.0
48,2020-05-08,212.24,213.21,210.85,212.35,21628908,0.004969238050165581,210.65330058301768,197.82468764025097,1.0,0.0,1.0,200.26490918344092,189.88736334057484,10.377545842866084,7.925604851393832,1.0,0.0,1.0,70.89054087708038,0.0,-1.0,-1.0,0.008833619788240625,0.025911710680520485,1.0,0.0,1.0,190.38350000000003,13.948133727265526,218.27976745453108,162.48723254546897,0.0,0.0,0.0
49,2020-05-11,210.8865,215.0,210.37,213.18,22461562,0.003908641393925105,211.91665029150886,199.8143672220992,1.0,0.0,1.0,202.25184623214233,191.6127438338656,10.63910239827672,8.46830436077041,1.0,0.0,1.0,71.32459123651944,0.0,-1.0,-1.0,0.006773269978892766,0.024313232663877835,1.0,0.0,1.0,192.30300000000003,14.325707147054048,220.95441429410812,163.65158570589193,0.0,0.0,0.0
50,2020-05-12,213.29,215.275,210.0,210.02,26747124,-0.014823154142039607,210.96832514575442,201.13660473270357,1.0,0.0,1.0,203.44694681181275,192.9762442906163,10.470702521196444,8.868783992855619,1.0,0.0,1.0,67.21529217800779,1.0,0.0,1.0,0.01364842410415797,0.02432348653151935,1.0,0.0,1.0,193.89700000000002,14.440033204510495,222.77706640902102,165.01693359097902,0.0,0.0,0.0
51,2020-05-13,209.43,210.78,202.11,205.14,19071099,-0.023235882296924193,208.0541625728772,201.65522582434298,1.0,0.0,1.0,203.70741653307232,193.87726323205214,9.830153301020175,9.06105785448853,1.0,0.0,1.0,61.33802210766255,1.0,0.0,1.0,0.015045156857657411,0.025034400646113147,1.0,0.0,1.0,195.30850000000004,14.06708897989979,223.44267795979962,167.17432204020045,0.0,0.0,0.0
52,2020-05-14,202.56,206.93,200.69,206.85,14134233,0.008335770693185252,207.45208128643858,202.328119954799,1.0,0.0,1.0,204.19089091259963,194.83820669634457,9.352684216255057,9.119383126841836,1.0,0.0,1.0,62.572984481474776,1.0,0.0,1.0,0.017237262245350972,0.023424812446250044,1.0,0.0,1.0,196.83700000000002,13.541695882289556,223.92039176457914,169.7536082354209,0.0,0.0,0.0
53,2020-05-15,205.27,211.34,204.12,211.04,34047199,0.020256224317138027,209.24604064321926,203.45650081441738,1.0,0.0,1.0,205.24460000296892,196.0383395336524,9.206260469316533,9.136758595336776,1.0,0.0,1.0,65.48244383273644,1.0,0.0,1.0,0.01862359122971912,0.022587449023500926,1.0,0.0,1.0,198.42650000000003,13.230875881019518,224.88825176203906,171.964748237961,0.0,0.0,0.0
54,2020-05-18,212.15,214.6445,210.94,213.21,35909126,0.010282410917361817,211.22802032160962,204.71970258762357,1.0,0.0,1.0,206.4700461563583,197.31031438301147,9.159731773346834,9.141353230938787,1.0,0.0,1.0,66.9168253122701,1.0,0.0,1.0,0.01320186647219208,0.021126790897680832,1.0,0.0,1.0,200.17400000000004,12.725553405399731,225.6251068107995,174.72289318920056,0.0,0.0,0.0
55,2020-05-19,213.27,220.49,212.83,216.88,30332973,0.01721307630974156,214.0540101608048,206.29451564913438,1.0,0.0,1.0,208.07157751691858,198.75992072501063,9.31165679190795,9.17541394313262,1.0,0.0,1.0,69.24458047278682,1.0,0.0,1.0,0.010456296018838854,0.02005792373146476,1.0,0.0,1.0,202.48450000000003,11.189023509907345,224.8625470198147,180.10645298018534,0.0,0.0,0.0
56,2020-05-20,223.5,231.34,223.19,229.95,46541604,0.060263740317226144,222.0020050804024,209.35783834971895,1.0,0.0,1.0,211.43748866816188,201.07029696760245,10.367191700559431,9.413769494617982,1.0,0.0,1.0,75.78029620088591,0.0,-1.0,-1.0,0.02965483613385533,0.02611529870770038,0.0,-1.0,-1.0,204.8665,11.726163852010878,228.31882770402177,181.41417229597823,0.0,-1.0,-1.0
57,2020-05-21,234.72,237.2,231.2,231.37,87138160,0.00617525549032405,226.6860025402012,212.20821851308557,1.0,0.0,1.0,214.50402887306007,203.3147194144467,11.189309458613366,9.76887748741706,1.0,0.0,1.0,76.36788238846982,0.0,-1.0,-1.0,0.028138227728176264,0.024545750995933896,0.0,-1.0,-1.0,207.1775,12.181599961892315,231.54069992378464,182.81430007621537,0.0,0.0,0.0
58,2020-05-22,231.51,235.99,228.74,234.92,63611004,0.015343389376323513,230.8030012701006,215.14907057723133,1.0,0.0,1.0,217.6449475079739,205.65585130967287,11.989096198301041,10.212921229593857,1.0,0.0,1.0,77.81682488547307,0.0,-1.0,-1.0,0.020250237958751076,0.02290941087482787,1.0,0.0,1.0,209.4185,12.971628666561246,235.36175733312248,183.4752426668775,0.0,0.0,0.0
59,2020-05-26,239.77,240.9,231.67,232.16,30555905,-0.011748680401838851,231.48150063505028,217.35166355124343,1.0,0.0,1.0,219.87803250674716,207.61912158303042,12.25891092371674,10.622119168418433,1.0,0.0,1.0,74.01715130014203,0.0,-1.0,-1.0,0.023373641400275896,0.023153434346128095,0.0,-1.0,-1.0,211.6495,12.847198537547134,237.34389707509425,185.95510292490573,0.0,0.0,0.0
60,2020-05-27,229.07,230.56,221.1347,229.15,64595801,-0.01296519641626459,230.31575031752516,218.8792762324255,1.0,0.0,1.0,221.30448904417068,209.21400146576892,12.090487578401763,10.9157928504151,1.0,0.0,1.0,70.00266960025745,0.0,-1.0,-1.0,0.01930812623486292,0.023095938396233952,1.0,0.0,1.0,213.964,11.485124658489683,236.93424931697936,190.99375068302064,0.0,0.0,0.0
61,2020-05-28,224.3,231.6332,224.0,225.33,27478541,-0.016670303294785027,227.8228751587626,219.71447332197238,1.0,0.0,1.0,221.92379842199057,210.40777913497124,11.516019287019333,11.035838137735947,1.0,0.0,1.0,65.17166466610308,1.0,0.0,1.0,0.015463118806393129,0.02312884273974063,1.0,0.0,1.0,215.531,10.72961759263608,236.99023518527216,194.07176481472786,0.0,0.0,0.0
62,2020-05-29,225.2,227.49,222.88,224.21,18706304,-0.004970487729108464,226.01643757938132,220.29651046845004,1.0,0.0,1.0,222.27552174168434,211.43016586571412,10.845355875970228,10.997741685382803,0.0,-1.0,-1.0,63.78184234775968,1.0,0.0,1.0,0.011491217555731691,0.021821869176670255,1.0,0.0,1.0,216.506,10.579492774628475,237.66498554925695,195.34701445074305,0.0,0.0,0.0
63,2020-06-01,224.59,232.44,223.5,231.94,33886754,0.034476606752597894,228.97821878969066,221.8039650078176,1.0,0.0,1.0,223.76236455065597,212.94941283862417,10.812951712031804,10.960783690712603,0.0,-1.0,-1.0,68.73719496768634,1.0,0.0,1.0,0.027167263325741726,0.02309635126666378,0.0,-1.0,-1.0,217.98899999999998,10.559184527923156,239.10736905584628,196.87063094415367,0.0,0.0,0.0
64,2020-06-02,230.94,233.0,226.56,232.83,36197240,0.0038371992756747186,230.90410939484534,223.23145328057237,1.0,0.0,1.0,225.1573853890166,214.42204892465202,10.735336464364593,10.915694245443001,0.0,-1.0,-1.0,69.2587084201423,1.0,0.0,1.0,0.020066901149965465,0.02158110873951716,1.0,0.0,1.0,219.36849999999998,10.608063107595637,240.58462621519126,198.1523737848087,0.0,0.0,0.0
65,2020-06-03,232.11,232.65,228.53,230.06,28224941,-0.011897092299102408,230.48205469742265,224.11549875298795,1.0,0.0,1.0,225.9116337907064,215.58041567097408,10.331218119732313,10.798799020300864,0.0,-1.0,-1.0,65.5913081576091,1.0,0.0,1.0,0.018933671798111743,0.021156715096864252,1.0,0.0,1.0,220.5175,10.450348709870369,241.41819741974075,199.61680258025928,0.0,0.0,0.0
66,2020-06-04,229.56,231.63,224.61,226.29,15405418,-0.01638702947057291,228.3860273487113,224.39701275794843,1.0,0.0,1.0,225.96984397675155,216.3737182138649,9.596125762886658,10.558264368818023,0.0,-1.0,-1.0,60.86726379807246,1.0,0.0,1.0,0.0161417091532291,0.021016923505048163,1.0,0.0,1.0,221.40900000000002,10.123003974793185,241.65500794958638,201.16299205041366,0.0,0.0,0.0
67,2020-06-05,226.71,231.35,225.3105,230.78,14358315,0.01984179592558233,229.58301367435564,225.2233534113979,1.0,0.0,1.0,226.70986798032823,217.44085019802304,9.269017782305184,10.300415051515454,0.0,-1.0,-1.0,64.17648323535838,1.0,0.0,1.0,0.021041590428171535,0.020604387809400458,0.0,-1.0,-1.0,222.38299999999998,10.035933386953237,242.45486677390645,202.31113322609352,0.0,0.0,0.0
68,2020-06-08,229.03,231.55,227.41,231.42,27642194,0.002773203917150413,230.50150683717783,226.0255620653832,1.0,0.0,1.0,227.43450367566237,218.47634277594724,8.958160899715125,10.03196422115539,0.0,-1.0,-1.0,64.63554449435289,1.0,0.0,1.0,0.014965926799722171,0.019229306346330494,1.0,0.0,1.0,223.33649999999997,9.93797145190815,243.21244290381628,203.46055709618366,0.0,0.0,0.0
69,2020-06-09,231.52,239.77,230.41,238.69,50558498,0.031414743755941554,234.5957534185889,227.66506648959927,1.0,0.0,1.0,229.16611849479125,219.97365071846966,9.192467776321593,9.86406493218863,0.0,-1.0,-1.0,69.42806970805557,1.0,0.0,1.0,0.019797992915657453,0.020343523408776314,1.0,0.0,1.0,224.61199999999994,10.19943166631275,245.01086333262543,204.21313666737444,0.0,0.0,0.0
70,2020-06-10,240.96,241.21,235.28,236.68,18383287,-0.008420964430851718,235.63787670929446,228.8321065641722,1.0,0.0,1.0,230.32210026482335,221.2111580726571,9.110942192166249,9.713440384184153,0.0,-1.0,-1.0,66.73529901932946,1.0,0.0,1.0,0.021280999936827055,0.0197655298206978,0.0,-1.0,-1.0,225.94499999999994,9.930580361478537,245.806160722957,206.08383927704287,0.0,0.0,0.0
71,2020-06-11,229.94,232.89,223.55,224.45,47636272,-0.05167314517491983,230.04393835464722,228.2648190974154,1.0,0.0,1.0,229.4187002240813,221.4510722894973,7.967627934584016,9.364277894264125,0.0,-1.0,-1.0,53.21184370730603,1.0,0.0,1.0,0.03763941120670971,0.02709434081075409,0.0,-1.0,-1.0,226.9104999999999,8.65859869238568,244.22769738477126,209.59330261522854,0.0,0.0,0.0
72,2020-06-12,229.9,231.66,227.3102,227.3401,6834224,0.012876364446424704,228.69201917732363,228.14510991067388,1.0,0.0,1.0,229.09891557422264,221.88729656434933,7.211619009873317,8.933746117385965,0.0,-1.0,-1.0,55.50640997433683,1.0,0.0,1.0,0.03470844069438341,0.02580523978207999,0.0,-1.0,-1.0,227.9350049999999,7.259200989123628,242.45340697824716,213.41660302175265,0.0,0.0,0.0
73,2020-06-15,225.09,233.77,224.8,232.47,27221583,0.022564870869679288,230.5810095886618,228.7049841232092,1.0,0.0,1.0,229.61754394741916,222.67120052254566,6.946343424873504,8.536265578883473,0.0,-1.0,-1.0,59.3199383939935,1.0,0.0,1.0,0.029896349953601284,0.025334180300242426,0.0,-1.0,-1.0,229.00650499999992,6.127533726031321,241.26157245206255,216.7514375479373,0.0,0.0,0.0
74,2020-06-16,237.14,238.46,233.0,235.81,26637700,0.014367445261754153,233.1955047943309,229.624752495335,1.0,0.0,1.0,230.5702294939701,223.644444928283,6.925784565687081,8.214169376244195,0.0,-1.0,-1.0,61.62608993829218,1.0,0.0,1.0,0.021430330201943994,0.023975065525356616,1.0,0.0,1.0,230.13650499999994,5.050308462227934,240.2371219244558,220.03588807554408,0.0,0.0,0.0
75,2020-06-17,235.0,237.59,231.7268,235.53,36276677,-0.0011873966328823649,234.36275239716545,230.3892037676603,1.0,0.0,1.0,231.3332711102824,224.52485641507684,6.808414695205556,7.933018440036468,0.0,-1.0,-1.0,61.312292032922954,1.0,0.0,1.0,0.01702822154169366,0.02245194403175691,1.0,0.0,1.0,231.06900499999992,4.107569611860834,239.2841442237216,222.85386577627824,0.0,0.0,0.0
76,2020-06-18,234.99,236.14,232.15,235.975,28476274,0.001889355920689395,235.16887619858272,231.11229866721766,1.0,0.0,1.0,232.04738324716203,225.37301519914524,6.674368048016788,7.681288361632533,0.0,-1.0,-1.0,61.64654600065869,1.0,0.0,1.0,0.012205665567782985,0.020957039404566103,1.0,0.0,1.0,231.37025499999996,4.239985214158477,239.85022542831692,222.890284571683,0.0,0.0,0.0
77,2020-06-19,237.79,240.83,235.55,238.65,22967089,0.011335946604513314,236.90943809929138,232.08806950504908,1.0,0.0,1.0,233.06317043990634,226.3564955547641,6.706674885142235,7.486365666334474,0.0,-1.0,-1.0,63.67806552097685,1.0,0.0,1.0,0.009868435283398745,0.019747662838936385,1.0,0.0,1.0,231.73425499999993,4.5417176492772136,240.81769029855437,222.6508197014455,0.0,0.0,0.0
78,2020-06-22,238.56,240.7,236.91,239.3,17497491,0.002723653886444577,238.1047190496457,233.02166620901377,1.0,0.0,1.0,234.02268267992076,227.31527366181862,6.70740901810214,7.330574336688008,0.0,-1.0,-1.0,64.17463654857113,1.0,0.0,1.0,0.0075495333146933345,0.018434708181969916,1.0,0.0,1.0,231.95325499999996,4.801584667747263,241.55642433549448,222.35008566450543,0.0,0.0,0.0
79,2020-06-23,241.28,245.1853,239.86,242.14,22512681,0.01186794818219794,240.12235952482285,234.20204739312237,1.0,0.0,1.0,235.27150072916373,228.41340153872093,6.8580991904428,7.236079307438967,0.0,-1.0,-1.0,66.3399315250013,1.0,0.0,1.0,0.006767210409735408,0.017405574451685134,1.0,0.0,1.0,232.45225499999998,5.315301156538866,243.0828573130777,221.82165268692225,0.0,0.0,0.0
80,2020-06-24,241.2,243.22,232.68,234.08,19170135,-0.033286528454612885,237.10117976241145,234.18624821696238,1.0,0.0,1.0,235.088192924677,228.83314957288974,6.255043351787265,7.039872116308627,0.0,-1.0,-1.0,55.99601575487837,1.0,0.0,1.0,0.026015707443215123,0.02104869351215602,0.0,-1.0,-1.0,232.69875499999998,5.268204138280723,243.23516327656142,222.16234672343853,0.0,0.0,0.0
81,2020-06-25,234.62,237.3,232.74,235.47,17150061,0.0059381408065617425,236.28558988120574,234.3524310838828,1.0,0.0,1.0,235.14693247472667,229.32476812304606,5.8221643516806125,6.796330563383025,0.0,-1.0,-1.0,57.23443754993242,1.0,0.0,1.0,0.021554938081084093,0.019739783144330236,0.0,-1.0,-1.0,233.205755,5.002976959083901,243.2117089181678,223.19980108183222,0.0,0.0,0.0
82,2020-06-26,232.64,233.09,215.4,215.86,69638977,-0.08328024801460898,226.07279494060288,231.9585721977004,0.0,-1.0,-1.0,232.17971209399948,228.32737789170932,3.852334202290166,6.207531291164454,0.0,-1.0,-1.0,40.09174538686111,1.0,0.0,1.0,0.051332753027112564,0.034616832078643585,0.0,-1.0,-1.0,232.788255,6.035122089679293,244.85849917935857,220.7180108206414,1.0,0.0,1.0
83,2020-06-29,209.75,220.75,207.11,220.71,55040667,0.02246826646900768,223.39139747030146,230.502438101611,0.0,-1.0,-1.0,230.41514100261494,227.76312767750863,2.65201332510631,5.496427697952825,0.0,-1.0,-1.0,44.517869284107164,1.0,0.0,1.0,0.05419846806746161,0.034211479624222836,0.0,-1.0,-1.0,232.226755,6.612947174848371,245.45264934969674,219.00086065030325,0.0,0.0,0.0
84,2020-06-30,220.59,227.5,218.47,227.05,30334236,0.028725476870101074,225.22069873515073,230.05551852437668,0.0,-1.0,-1.0,229.89742700221265,227.71030340510057,2.187123597112077,4.834566877784675,0.0,-1.0,-1.0,49.74483667986141,1.0,0.0,1.0,0.0451954476751471,0.03410026920673329,0.0,-1.0,-1.0,231.937755,6.710772189505493,245.359299379011,218.51621062098903,0.0,0.0,0.0
85,2020-07-01,228.5,239.0,227.56,237.53,41842647,0.04615723408940764,231.37534936757538,231.02309236745617,1.0,0.0,1.0,231.07166900187224,228.4376883380561,2.6339806638161463,4.394449634990969,0.0,-1.0,-1.0,56.962553854728924,1.0,0.0,1.0,0.03917219757924447,0.03584474116091109,0.0,-1.0,-1.0,232.311255,6.807936543048643,245.92712808609727,218.6953819139027,0.0,0.0,0.0
86,2020-07-02,239.0,240.0,232.61,233.46,28035447,-0.017134677724918945,232.4176746837877,231.3385505117673,1.0,0.0,1.0,231.43910454004572,228.809711424126,2.6293931159197257,4.04143833117672,0.0,-1.0,-1.0,53.73485461647611,1.0,0.0,1.0,0.038983803463865575,0.03430825129116816,0.0,-1.0,-1.0,232.66975499999998,6.661379886327342,245.99251477265466,219.3469952273453,0.0,0.0,0.0
87,2020-07-06,233.76,240.4,232.27,240.3,23995427,0.029298380878951535,236.35883734189386,232.49861093926035,1.0,0.0,1.0,232.80231922619254,229.66084391122777,3.141475314964765,3.8614457279343295,0.0,-1.0,-1.0,58.038181030356014,1.0,0.0,1.0,0.031248996284443536,0.03338956240811115,1.0,0.0,1.0,233.145755,6.85651285701321,246.85878071402644,219.43272928597358,0.0,0.0,0.0
88,2020-07-07,239.41,247.65,238.82,240.86,25959274,0.0023304203079483887,238.60941867094692,233.58099278616356,1.0,0.0,1.0,234.0419624221629,230.4904110289146,3.551551393248303,3.799466860997124,0.0,-1.0,-1.0,58.379510784048904,1.0,0.0,1.0,0.023917947735779602,0.031173558036944368,1.0,0.0,1.0,233.617755,7.053551804846302,247.7248586096926,219.51065139030737,0.0,0.0,0.0
89,2020-07-08,238.11,246.99,236.59,243.57,28709954,0.0112513493315618,241.08970933547346,234.87406907592023,1.0,0.0,1.0,235.50781435721478,231.45926947121723,4.048544885997558,3.849282465997211,1.0,0.0,1.0,60.07213996272506,1.0,0.0,1.0,0.016935698729021842,0.029163973835305116,1.0,0.0,1.0,233.861755,7.317707648715648,248.4971702974313,219.22633970256868,0.0,0.0,0.0
90,2020-07-09,245.0,246.525,239.24,244.46,21030418,0.003653980375251553,242.77485466773675,236.11496655520475,1.0,0.0,1.0,236.88507368687405,232.42228654742337,4.462787139450683,3.971983400687906,1.0,0.0,1.0,60.63829315986325,1.0,0.0,1.0,0.012693740501066763,0.027222336546447592,1.0,0.0,1.0,234.25075499999997,7.673542829644416,249.5978406592888,218.90366934071113,0.0,0.0,0.0
91,2020-07-10,243.685,245.49,239.32,245.06,21257783,0.002454389266137502,243.91742733386837,237.27289944351472,1.0,0.0,1.0,238.1427546581242,233.35841346983645,4.784341188287755,4.134454958207876,1.0,0.0,1.0,61.03937205029944,1.0,0.0,1.0,0.009414252952209233,0.025423271001117895,1.0,0.0,1.0,235.28125500000002,7.671986998196246,250.6252289963925,219.93728100360752,0.0,0.0,0.0
92,2020-07-13,247.005,250.15,238.42,239.02,22980602,-0.024647025218313856,241.4687136669342,237.499061195612,1.0,0.0,1.0,238.27771547995124,233.77779024984858,4.4999252301026615,4.207549012586833,1.0,0.0,1.0,54.96737878319318,1.0,0.0,1.0,0.019206422500451428,0.025896551525233683,1.0,0.0,1.0,235.86525,7.477769065527536,250.82078813105508,220.90971186894492,0.0,0.0,0.0
93,2020-07-14,236.76,240.33,232.03,239.73,21476590,0.0029704627227846725,240.59935683346708,237.7878555999002,1.0,0.0,1.0,238.50114386765105,234.21869467578574,4.282449191865311,4.222529048442529,1.0,0.0,1.0,55.527419557040794,1.0,0.0,1.0,0.015713698842932035,0.024168921158044785,1.0,0.0,1.0,236.22824999999997,7.480489583435484,251.18922916687094,221.267270833129,0.0,0.0,0.0
94,2020-07-15,241.55,244.82,238.05,240.29,17193831,0.002335961289784416,240.44467841673355,238.11175740083854,1.0,0.0,1.0,238.77635250339705,234.66842099609792,4.107931507299128,4.199609540213849,0.0,-1.0,-1.0,55.99229383221219,1.0,0.0,1.0,0.011668726828471957,0.022552018973178697,1.0,0.0,1.0,236.45224999999996,7.5341891742343385,251.52062834846865,221.38387165153128,0.0,0.0,0.0
95,2020-07-16,238.0,241.76,236.3306,240.32,16300379,0.00012484914062182995,240.38233920836677,238.3976136360536,1.0,0.0,1.0,239.01383673364364,235.08705647786846,3.926780255775185,4.145043683326117,0.0,-1.0,-1.0,56.01881715930489,1.0,0.0,1.0,0.00826211665360513,0.021048545953329938,1.0,0.0,1.0,236.69174999999996,7.579327368260003,251.85040473651998,221.53309526347994,0.0,0.0,0.0
96,2020-07-17,241.0,244.16,237.86,241.98,16202447,0.006907456724367433,241.18116960418337,238.86135220325616,1.0,0.0,1.0,239.4701695438523,235.59764488691525,3.8725246569370597,4.090539878048306,0.0,-1.0,-1.0,57.543620186273905,1.0,0.0,1.0,0.007294185109454034,0.019730224344938055,1.0,0.0,1.0,236.9919999999999,7.667864315302316,252.32772863060453,221.65627136939528,0.0,0.0,0.0
97,2020-07-20,240.06,246.05,235.635,245.42,19022783,0.014216050913298695,243.3005848020917,239.7103665344671,1.0,0.0,1.0,240.38552807556732,236.32522674714374,4.060301328423577,4.084492168123361,0.0,-1.0,-1.0,60.592633306877346,1.0,0.0,1.0,0.00842308415849122,0.018880421834299093,1.0,0.0,1.0,237.33049999999994,7.891091896295552,253.11268379259104,221.54831620740885,0.0,0.0,0.0
98,2020-07-21,246.22,246.91,240.08,241.76,16203897,-0.014913210007334365,242.53029240104584,239.97569072268817,1.0,0.0,1.0,240.5969852947108,236.72780254365162,3.869182751059185,4.0414302847105255,0.0,-1.0,-1.0,55.985809312049405,1.0,0.0,1.0,0.01568329277111018,0.018771946554274735,1.0,0.0,1.0,237.45349999999993,7.942411986159278,253.33832397231848,221.5686760276814,0.0,0.0,0.0
99,2020-07-22,240.26,241.9,238.12,239.8027,14188775,-0.008096045665122453,241.16649620052291,239.95329714972502,1.0,0.0,1.0,240.474787557063,236.95557272560333,3.5192148314596636,3.936987194060353,0.0,-1.0,-1.0,53.637209806159184,1.0,0.0,1.0,0.011509399359474095,0.01781818494451333,1.0,0.0,1.0,237.33663499999994,7.886826340655013,253.11028768130996,221.56298231868993,0.0,0.0,0.0
100,2020-07-23,239.63,242.42,231.75,232.61,12555488,-0.0299942410990367,236.88824810026148,239.0027106809464,0.0,-1.0,-1.0,239.26482024059175,236.63367844963273,2.6311417909590205,3.6758181134400862,0.0,-1.0,-1.0,46.00040193027113,1.0,0.0,1.0,0.017021280791972286,0.01964690525157338,1.0,0.0,1.0,237.26313499999992,7.92552813025348,253.11419126050689,221.41207873949296,0.0,0.0,0.0
101,2020-07-24,230.19,233.49,226.9,230.82,17260561,-0.007695283951678844,233.85412405013074,237.94346262701558,0.0,-1.0,-1.0,237.96561712665454,236.20303560151177,1.762581525142764,3.2931707957806218,0.0,-1.0,-1.0,44.30961294078427,1.0,0.0,1.0,0.013529970503266524,0.01838124308490039,1.0,0.0,1.0,237.0306349999999,8.048155909161807,253.12694681832352,220.9343231816763,0.0,0.0,0.0
102,2020-07-27,231.46,234.95,230.83,233.5,11384975,0.01161077896196172,233.67706202506537,237.36825853102079,0.0,-1.0,-1.0,237.27859910716924,236.00281074214053,1.275788365028717,2.889694309630241,0.0,-1.0,-1.0,47.425416519317736,1.0,0.0,1.0,0.017717776648474935,0.01802219249640971,1.0,0.0,1.0,237.9126349999999,6.404745668253976,250.72212633650787,225.10314366349195,0.0,0.0,0.0
103,2020-07-28,234.63,234.96,229.83,230.1,12989626,-0.0145610278372591,231.88853101253267,236.42738604300658,0.0,-1.0,-1.0,236.1741992445278,235.56556550198198,0.6086337425458339,2.43348219621336,0.0,-1.0,-1.0,44.05766444198791,1.0,0.0,1.0,0.015179385494902393,0.017352846276919454,1.0,0.0,1.0,238.38213499999992,5.331596897767229,249.04532879553437,227.71894120446547,0.0,0.0,0.0
104,2020-07-29,231.14,233.7,230.31,233.27,12494364,0.013776618861364609,232.57926550626632,236.01866400338884,0.0,-1.0,-1.0,235.7273993607543,235.39552361294628,0.3318757478080272,2.0131609065322937,0.0,-1.0,-1.0,47.78092285733342,1.0,0.0,1.0,0.01691087424535145,0.017312108660714767,1.0,0.0,1.0,238.69313499999993,4.789653348215354,248.27244169643063,229.11382830356922,0.0,0.0,0.0
105,2020-07-30,230.22,234.893,229.0,234.6,14231024,0.005701547562909859,233.58963275313317,235.8350186710449,0.0,-1.0,-1.0,235.55395330525363,235.33659593791322,0.2173573673404121,1.6540001986939175,0.0,-1.0,-1.0,49.30540147037059,1.0,0.0,1.0,0.012062910062961145,0.016349099041580422,1.0,0.0,1.0,238.54663499999998,4.87121745738406,248.2890699147681,228.80420008523186,0.0,0.0,0.0
106,2020-07-31,255.82,255.85,249.0,253.71,48764250,0.08145780051150897,243.6498163765666,238.14892577135862,1.0,0.0,1.0,238.34719125829156,236.6975888314011,1.6496024268904534,1.653120644333225,0.0,-1.0,-1.0,65.08004486271349,1.0,0.0,1.0,0.04795031647442499,0.03237729602089228,0.0,-1.0,-1.0,239.55913499999997,5.7783492831582635,251.1158335663165,228.00243643368344,0.0,-1.0,-1.0
107,2020-08-03,252.65,255.4,250.33,251.84,16564731,-0.007370619999211736,247.74490818828332,239.92122817568503,1.0,0.0,1.0,240.42300798778518,237.819248917964,2.6037590698211943,1.8432483294308188,1.0,0.0,1.0,63.01372008045728,1.0,0.0,1.0,0.045808949450083444,0.03080822335007448,0.0,-1.0,-1.0,240.13613499999997,6.399051214727212,252.93423742945438,227.33803257054555,0.0,0.0,0.0
108,2020-08-04,251.56,252.8,247.43,249.83,15733319,-0.007981257941550135,248.78745409414165,241.20391345806019,1.0,0.0,1.0,241.87023752812593,238.7089341833,3.1613033448259387,2.106859332509843,1.0,0.0,1.0,60.77989173660191,1.0,0.0,1.0,0.036029142800746525,0.029262051245983564,0.0,-1.0,-1.0,240.584635,6.75680267592101,254.098240351842,227.07102964815797,0.0,0.0,0.0
109,2020-08-05,250.19,252.2698,247.77,249.13,11970264,-0.0028019052956010926,248.95872704707082,242.22994114080453,1.0,0.0,1.0,242.9871240622604,239.48086498453702,3.506259077723371,2.3867392815525483,1.0,0.0,1.0,59.98240182909638,1.0,0.0,1.0,0.025909287532467566,0.027462988396838348,1.0,0.0,1.0,240.862635,6.996233740284961,254.85510248056994,226.87016751943008,0.0,0.0,0.0
110,2020-08-06,249.04,266.6,248.665,265.28,43852674,0.06482559306386215,257.1193635235354,245.21375889542614,1.0,0.0,1.0,246.4167972834511,241.39191202271945,5.024885260731651,2.914368477388369,1.0,0.0,1.0,69.82093277455841,1.0,0.0,1.0,0.04313874717379224,0.03309807412827919,0.0,-1.0,-1.0,241.90363499999998,8.860294348874726,259.6242236977494,224.18304630225052,0.0,-1.0,-1.0
111,2020-08-07,264.08,278.89,263.43,268.5,71746335,0.012138118214716664,262.8096817617677,248.22815023402669,1.0,0.0,1.0,249.8142130859971,243.39991853955505,6.414294546442051,3.6143536911991054,1.0,0.0,1.0,71.33418578707855,0.0,-1.0,-1.0,0.033056031001395626,0.030881739958176502,0.0,-1.0,-1.0,243.07563499999998,10.666040093446913,264.4077151868938,221.74355481310616,0.0,-1.0,-1.0
112,2020-08-10,268.23,269.48,259.69,263.0,22372400,-0.020484171322160183,262.90484088088385,250.14035816609194,1.0,0.0,1.0,251.8427956881514,244.85177642551395,6.991019262637451,4.289686805486775,1.0,0.0,1.0,65.3102722459592,1.0,0.0,1.0,0.03521973239559398,0.030999244236866723,0.0,-1.0,-1.0,244.27463499999993,11.501267526543412,267.27717005308676,221.2720999469131,0.0,0.0,0.0
113,2020-08-11,260.185,265.915,255.13,256.11,26559786,-0.0261977186311787,259.50742044044193,250.91312504463448,1.0,0.0,1.0,252.49928865920504,245.6857189125129,6.8135697466921386,4.794463393727847,1.0,0.0,1.0,58.630718432464704,1.0,0.0,1.0,0.029969216788283546,0.03129148825995316,1.0,0.0,1.0,245.09363499999995,11.741314543604506,268.576264087209,221.61100591279094,0.0,0.0,0.0
114,2020-08-12,258.97,263.8973,258.1125,259.82,19905750,0.014485963062746299,259.663710220221,252.06611512784553,1.0,0.0,1.0,253.6255519424043,246.73270269677118,6.892849245633101,5.214140564108899,1.0,0.0,1.0,60.94684080576563,1.0,0.0,1.0,0.02690540471559928,0.02943715152389575,1.0,0.0,1.0,246.07013499999994,12.126592676569846,270.32332035313965,221.81694964686025,0.0,0.0,0.0
115,2020-08-13,261.55,265.16,259.57,261.3,16085121,0.005696251250866036,260.4818551101105,253.2614364471821,1.0,0.0,1.0,254.80623625895748,247.81176175626962,6.994474502687865,5.570207351824692,1.0,0.0,1.0,61.864095748361265,1.0,0.0,1.0,0.01924570461566963,0.02746667592627552,1.0,0.0,1.0,247.11913499999997,12.504541205256738,272.12821741051346,222.1100525894865,0.0,0.0,0.0
116,2020-08-14,262.305,262.65,258.6801,261.24,13368191,-0.00022962112514357536,260.86092755505524,254.29425709810934,1.0,0.0,1.0,255.79604606527172,248.80644607062004,6.989599994651684,5.85408588039009,1.0,0.0,1.0,61.80072312813376,1.0,0.0,1.0,0.01378158707146018,0.02569578689500654,1.0,0.0,1.0,248.08213499999997,12.82544388095153,273.73302276190304,222.43124723809692,0.0,0.0,0.0
117,2020-08-17,262.5,264.0973,259.4,261.23,11418578,-3.827897718566842e-05,261.04546377752763,255.19208518049507,1.0,0.0,1.0,256.63203897830687,249.7267093246482,6.905329653658669,6.0643346350438065,1.0,0.0,1.0,61.78936229605514,1.0,0.0,1.0,0.009793276417913749,0.024026065632743527,1.0,0.0,1.0,248.872635,13.1361890460652,275.1450130921304,222.6002569078696,0.0,0.0,0.0
118,2020-08-18,260.95,265.15,259.26,262.33,16917862,0.004210848677410617,261.6877318887638,256.1160842963844,1.0,0.0,1.0,257.50864836625965,250.6602864117113,6.848361954548352,6.221140098944716,1.0,0.0,1.0,62.60373311431928,1.0,0.0,1.0,0.007241175131920454,0.0224174106013886,1.0,0.0,1.0,249.90113499999998,13.353463263622306,276.6080615272446,223.19420847275538,0.0,0.0,0.0
119,2020-08-19,261.388,267.908,261.35,262.72,21872596,0.001486677086113053,262.2038659443819,256.9709575152117,1.0,0.0,1.0,258.31039477145043,251.55359852936232,6.7567962420881145,6.328271327573396,1.0,0.0,1.0,62.905591312215655,1.0,0.0,1.0,0.005156474114265461,0.020933330650945783,1.0,0.0,1.0,251.04699999999997,13.42438750930519,277.8957750186103,224.1982249813896,0.0,0.0,0.0
120,2020-08-20,261.5,269.63,261.46,269.01,18689661,0.02394183922046267,265.606932972191,258.5294048641876,1.0,0.0,1.0,259.956487883535,252.84666530496511,7.109822578569862,6.484581577772689,1.0,0.0,1.0,67.4667289493248,1.0,0.0,1.0,0.013931599369919953,0.020773709775952224,1.0,0.0,1.0,252.86700000000002,13.259689247767355,279.3863784955347,226.3476215044653,0.0,0.0,0.0
121,2020-08-21,268.69,270.49,266.42,267.01,13502829,-0.007434667856213495,266.3084664860955,259.6272131770222,1.0,0.0,1.0,261.04164359376034,253.89580120830104,7.145842385459304,6.616833739310012,1.0,0.0,1.0,64.74084644588734,1.0,0.0,1.0,0.015908253912411425,0.019957917907887618,1.0,0.0,1.0,254.67650000000003,12.542635194869032,279.7617703897381,229.59122961026196,0.0,0.0,0.0
122,2020-08-24,271.07,277.2478,268.7701,271.43,22664349,0.016553687127822903,268.86923324304774,261.15507734287496,1.0,0.0,1.0,262.63985227164335,255.1946307484269,7.445221523216446,6.782511296091299,1.0,0.0,1.0,67.83393510437119,1.0,0.0,1.0,0.014065620324080501,0.019090281537120012,1.0,0.0,1.0,256.57300000000004,12.02921360688171,280.63142721376346,232.5145727862366,0.0,0.0,0.0
123,2020-08-25,272.41,283.09,270.2601,280.82,39797963,0.034594554765501107,274.84461662152387,263.7006905908113,1.0,0.0,1.0,265.4367980760059,257.0928062485434,8.343991827462503,7.094807402365541,1.0,0.0,1.0,73.21058463524705,0.0,-1.0,-1.0,0.018223318918472658,0.020396758485488376,1.0,0.0,1.0,259.10900000000004,11.488687754298882,282.0863755085978,236.13162449140228,0.0,0.0,0.0
124,2020-08-26,284.0,304.67,284.0,303.91,65404754,0.0822234883555304,289.3773083107619,268.90576319920586,1.0,0.0,1.0,271.35575221815884,260.5607465264291,10.795005691729727,7.8348470602383795,1.0,0.0,1.0,81.43036464573208,0.0,-1.0,-1.0,0.038992313929324424,0.031597995223633414,0.0,-1.0,-1.0,262.64099999999996,13.760707180419551,290.1624143608391,235.11958563916085,0.0,-1.0,-1.0
125,2020-08-27,300.16,301.23,292.02,293.17,28654463,-0.03533940969365934,291.273654155381,272.04675506660936,1.0,0.0,1.0,274.7117903384421,262.9762467837307,11.735543554711398,8.614986359132985,1.0,0.0,1.0,70.58218022649748,0.0,-1.0,-1.0,0.06026813577402603,0.03504552498220387,0.0,-1.0,-1.0,265.56949999999995,13.711278674679594,292.99205734935913,238.14694265064077,0.0,-1.0,-1.0
126,2020-08-28,295.0,297.23,290.98,293.67,15612909,0.0017054951052291045,292.4718270776905,274.8458720061674,1.0,0.0,1.0,277.62843797868175,265.249858133084,12.378579845597756,9.36770505642594,1.0,0.0,1.0,70.77736255569174,0.0,-1.0,-1.0,0.0428137832184924,0.0328967292636548,0.0,-1.0,-1.0,267.5675,14.763280150070306,297.0940603001406,238.0409396998594,0.0,0.0,0.0
127,2020-08-31,293.95,296.88,291.55,293.0901,15101967,-0.001974665440800938,292.78096353884524,277.2075770895024,1.0,0.0,1.0,280.0071552127307,267.31209827137405,12.695056941356654,10.033175433412083,1.0,0.0,1.0,70.19565058011207,0.0,-1.0,-1.0,0.030579017504834816,0.03101015577137089,1.0,0.0,1.0,269.630005,15.321303867850558,300.2726127357011,238.98739726429886,0.0,0.0,0.0
128,2020-09-01,294.71,301.49,292.71,295.5,16279949,0.008222386221847788,294.14048176942265,279.5755209717474,1.0,0.0,1.0,282.3906697953875,269.400090992013,12.99057880337449,10.624656107404565,1.0,0.0,1.0,71.25304279438726,0.0,-1.0,-1.0,0.022006043407467847,0.028935038822094115,1.0,0.0,1.0,271.913505,15.615501222737878,303.14450744547577,240.68250255452423,0.0,0.0,0.0
129,2020-09-02,298.88,303.6,293.05,302.5,21809532,0.02368866328257191,298.3202408847113,282.5430819129046,1.0,0.0,1.0,285.4844129037894,271.85193610371573,13.632476800073675,11.22622024593839,1.0,0.0,1.0,74.12465810730728,0.0,-1.0,-1.0,0.01935855361359219,0.027478856241159633,1.0,0.0,1.0,274.582005,16.070668642312683,306.72334228462535,242.44066771537462,0.0,0.0,0.0
130,2020-09-03,295.99,297.6,283.63,291.12,29320692,-0.037619834710743816,294.72012044235566,283.65335914233714,1.0,0.0,1.0,286.3514263032064,273.2792000960331,13.072226207173287,11.595421438185369,1.0,0.0,1.0,63.09075841340061,1.0,0.0,1.0,0.03460780366197775,0.030693121045194578,0.0,-1.0,-1.0,275.874005,16.320239490001732,308.5144839800035,243.23352601999653,0.0,0.0,0.0
131,2020-09-04,287.25,289.0,271.14,282.625,28312149,-0.029180406705138773,288.67256022117783,283.520238629129,1.0,0.0,1.0,285.77812994886693,273.971481570401,11.806648378465923,11.63766682624148,1.0,0.0,1.0,56.34781919010041,1.0,0.0,1.0,0.02671833865246679,0.03095562019942344,1.0,0.0,1.0,276.58025499999997,16.289936069321787,309.16012713864353,244.0003828613564,0.0,0.0,0.0
132,2020-09-08,271.28,279.3,269.42,270.93,22385524,-0.041379920389208236,279.8012801105889,281.8904393145981,0.0,-1.0,-1.0,283.4938022644259,273.7461866392602,9.747615625165679,11.25965658602632,0.0,-1.0,-1.0,48.640504459623095,1.0,0.0,1.0,0.022839019886283694,0.032307465721306515,1.0,0.0,1.0,276.976755,16.036530889469415,309.04981677893886,244.9036932210612,0.0,0.0,0.0
133,2020-09-09,275.77,278.48,271.35,273.7,20803210,0.010224043110766523,276.7506400552944,280.830191549892,0.0,-1.0,-1.0,281.9870634545142,273.7427654067224,8.244298047791801,10.656584878379418,0.0,-1.0,-1.0,50.37198306468764,1.0,0.0,1.0,0.02991757862776778,0.03061558438616176,1.0,0.0,1.0,277.85625500000003,15.297198557612171,308.4506521152244,247.26185788477568,0.0,0.0,0.0
134,2020-09-10,275.8,279.16,267.0319,268.0259,19386135,-0.020731092436974796,272.3882700276472,279.1726832090169,0.0,-1.0,-1.0,279.83919215381974,273.31929389511333,6.519898258706405,9.829247554444816,0.0,-1.0,-1.0,46.88513180950813,1.0,0.0,1.0,0.022091400735541,0.02921162463435409,1.0,0.0,1.0,278.26655,14.892675585439424,308.05190117087886,248.48119882912115,0.0,0.0,0.0
135,2020-09-11,270.06,271.39,262.64,266.6,17925051,-0.00532000825293355,269.4941350138236,277.54515643919706,0.0,-1.0,-1.0,277.8023933609244,272.82156842140125,4.980824939523131,8.85956303146048,0.0,-1.0,-1.0,46.022956359587184,1.0,0.0,1.0,0.016826903540475415,0.02725544297077128,1.0,0.0,1.0,278.53155000000004,14.619532726656315,307.77061545331264,249.2924845466874,0.0,0.0,0.0
136,2020-09-14,270.95,276.64,265.7,266.14,21907343,-0.0017254313578396463,267.8170675069118,276.068765354287,0.0,-1.0,-1.0,276.0081789977052,272.3266374272234,3.6815415704818406,7.823958739264752,0.0,-1.0,-1.0,45.73079504572611,1.0,0.0,1.0,0.013037238321158162,0.025462820354059886,1.0,0.0,1.0,278.77655000000004,14.353133374705706,307.4828167494114,250.07028325058863,0.0,0.0,0.0
137,2020-09-15,270.67,274.52,269.3,272.46,17159921,0.02374690012775238,270.13853375345593,275.6016127096818,0.0,-1.0,-1.0,275.4623053057506,272.3365161363179,3.1257891694326645,6.884324825298335,0.0,-1.0,-1.0,50.39048584974696,1.0,0.0,1.0,0.020457815343149353,0.025770399510569666,1.0,0.0,1.0,279.33805,13.841105937273497,307.02026187454703,251.65583812545302,0.0,0.0,0.0
138,2020-09-16,267.29,272.44,261.79,263.6,27814894,-0.032518534830800694,266.869266876728,274.04801069822713,0.0,-1.0,-1.0,273.637335258712,271.689366792887,1.9479684658250562,5.89705355340368,0.0,-1.0,-1.0,44.607962977621305,1.0,0.0,1.0,0.029164377535000625,0.026394033642844494,0.0,-1.0,-1.0,279.40155000000004,13.761655090503666,306.9248601810074,251.8782398189927,0.0,0.0,0.0
139,2020-09-17,258.28,261.5,250.19,254.87,28542348,-0.03311836115326261,260.86963343836396,271.56542800699236,0.0,-1.0,-1.0,270.7500529112179,270.44348777119166,0.3065651400262368,4.778955870728192,0.0,-1.0,-1.0,39.76575686553782,1.0,0.0,1.0,0.024393487542392792,0.026462628658513166,1.0,0.0,1.0,279.00905,14.361354531794007,307.731759063588,250.286340936412,0.0,0.0,0.0
140,2020-09-18,258.405,259.2,250.05,252.29,23650916,-0.010122807705889358,256.57981671918196,269.07023470116906,0.0,-1.0,-1.0,267.9100447710305,269.0987849733256,-1.1887402022950937,3.585416656123535,0.0,-1.0,-1.0,38.437813064697146,1.0,0.0,1.0,0.01883570504507599,0.024694253641171716,1.0,0.0,1.0,278.17305,15.42156775389196,309.0161855077839,247.32991449221606,0.0,0.0,0.0
141,2020-09-21,247.54,249.95,244.13,248.04,21743576,-0.01684569344801612,252.30990835959096,266.34788265766656,0.0,-1.0,-1.0,264.8531148062566,267.5388749753015,-2.6857601690448973,2.3311812910898486,0.0,-1.0,-1.0,36.28806222108255,1.0,0.0,1.0,0.013323024597945675,0.023199821198481907,1.0,0.0,1.0,277.22455,16.67658973684483,310.57772947368966,243.87137052631036,0.0,0.0,0.0
142,2020-09-22,253.31,255.32,248.22,254.73,27665082,0.02697145621673913,253.5199541797955,264.8439542882436,0.0,-1.0,-1.0,263.295712528371,266.59006942157544,-3.2943568932044514,1.206073654230989,0.0,-1.0,-1.0,41.80545156076822,1.0,0.0,1.0,0.028280989487777384,0.025190279274718883,0.0,-1.0,-1.0,276.38955,17.385032476196493,311.159614952393,241.619485047607,0.0,0.0,0.0
143,2020-09-23,255.26,257.9921,248.15,249.02,16687178,-0.022415891335924254,251.26997708989774,262.79555231481976,0.0,-1.0,-1.0,261.0994490624677,265.28858279775505,-4.189133735287328,0.12703217632732555,0.0,-1.0,-1.0,38.723129992945,1.0,0.0,1.0,0.026189206444096627,0.024249337533439476,0.0,-1.0,-1.0,274.79955,18.383987755037104,311.56752551007423,238.0315744899258,0.0,0.0,0.0
144,2020-09-24,246.5,252.24,245.62,249.52,17292547,0.0020078708537467627,250.3949885449489,261.07703954253253,0.0,-1.0,-1.0,259.3179953605496,264.12053962755095,-4.802544267001338,-0.8588831123384071,0.0,-1.0,-1.0,39.146237799994374,1.0,0.0,1.0,0.01962657056626218,0.02286518062937062,1.0,0.0,1.0,272.08005,17.866718329973686,307.8134866599474,236.34661334005267,0.0,0.0,0.0
145,2020-09-25,249.4,255.75,246.61,254.82,16333161,0.021240782302019756,252.60749427247444,260.2670692970044,0.0,-1.0,-1.0,258.6259960743112,263.43161076625086,-4.805614691939638,-1.6482294282586536,0.0,-1.0,-1.0,43.59237469824021,1.0,0.0,1.0,0.02045606005277351,0.023380925766419557,1.0,0.0,1.0,270.16255,17.539069266204606,305.2406885324092,235.0844114675908,0.0,0.0,0.0
146,2020-09-28,259.4,259.6,254.8208,256.91,14348908,0.008201867985244693,254.75874713623722,259.8324985669179,0.0,-1.0,-1.0,258.3619966782633,262.9485284872693,-4.586531809005976,-2.2358899044081184,0.0,-1.0,-1.0,45.28990663392812,1.0,0.0,1.0,0.014472269885790203,0.022142246129612436,1.0,0.0,1.0,268.32455,16.85889591778858,302.04234183557713,234.60675816442284,0.0,0.0,0.0
147,2020-09-29,257.81,263.27,256.9,261.79,17931000,0.018994978786345484,258.2743735681186,260.08589602508874,0.0,-1.0,-1.0,258.8893818046844,262.8627115622864,-3.9733297576020163,-2.583377875046898,0.0,-1.0,-1.0,49.13871002635737,1.0,0.0,1.0,0.012056240507228835,0.02183128953574094,1.0,0.0,1.0,266.759545,15.862249332214164,298.4840436644283,235.03504633557168,0.0,0.0,0.0
148,2020-09-30,261.98,266.085,260.1,261.8,15143419,3.8198556094437564e-05,260.0371867840593,260.30778581933026,0.0,-1.0,-1.0,259.3371692193483,262.7839921873022,-3.446822967953892,-2.7560668936282973,0.0,-1.0,-1.0,49.14660486185683,1.0,0.0,1.0,0.011983272243574481,0.02037435267958951,1.0,0.0,1.0,265.074545,14.368106047898056,293.81075709579613,236.3383329042039,0.0,0.0,0.0
149,2020-10-01,265.35,268.33,264.8,266.63,17390516,0.01844919786096244,263.3335933920297,261.12619288450145,1.0,0.0,1.0,260.4591431856024,263.06888165490943,-2.6097384693070467,-2.726801208764047,1.0,0.0,1.0,52.94575403906202,1.0,0.0,1.0,0.011031505279678834,0.019937861076093483,1.0,0.0,1.0,263.281045,11.378254583494016,286.03755416698806,240.52453583301198,0.0,0.0,0.0
150,2020-10-02,261.18,265.15,259.18,259.91,13078469,-0.025203465476502873,261.6217966960148,260.96875740055185,1.0,0.0,1.0,260.37465961858663,262.83489042121244,-2.4602308026258015,-2.673487127536398,1.0,0.0,1.0,47.61579072078183,1.0,0.0,1.0,0.024476139913631453,0.02109912782714912,0.0,-1.0,-1.0,261.720545,9.311798384362353,280.34414176872474,243.09694823127532,0.0,0.0,0.0
151,2020-10-05,262.2,264.865,260.8401,264.65,11134757,0.018237082066869137,263.1358983480074,261.44529218175705,1.0,0.0,1.0,261.03240429265026,262.9693429826041,-1.93693868995382,-2.5261774400198824,1.0,0.0,1.0,51.337012879824826,1.0,0.0,1.0,0.022904068481568514,0.020715400268414605,0.0,-1.0,-1.0,260.82179499999995,7.956832980028307,276.73546096005657,244.90812903994333,0.0,0.0,0.0
152,2020-10-06,262.01,265.69,258.24,258.53,15310065,-0.023124881919516338,260.8329491740037,261.0679092507695,0.0,-1.0,-1.0,260.6474190168579,262.64050276167046,-1.9930837448125658,-2.4195587009784196,1.0,0.0,1.0,46.72208242536486,1.0,0.0,1.0,0.02408600708384225,0.021228198900207444,0.0,-1.0,-1.0,260.20179499999995,7.60298122404093,275.4077574480818,244.99583255191808,0.0,0.0,0.0
153,2020-10-07,259.2,260.18,254.82,258.01,20736923,-0.002011371987777011,259.42147458700185,260.67206462055407,0.0,-1.0,-1.0,260.2416622450336,262.2975025571023,-2.0558403120687103,-2.346815023196478,1.0,0.0,1.0,46.340897592369544,1.0,0.0,1.0,0.017498307298703244,0.019808813807830616,1.0,0.0,1.0,259.41729499999997,6.9152568490155035,273.24780869803095,245.58678130196895,0.0,0.0,0.0
154,2020-10-08,259.63,264.62,259.1488,263.7051,14474701,0.022073175458315664,261.56328729350093,261.0646893421091,1.0,0.0,1.0,260.7744988227207,262.401769034354,-1.627270211633288,-2.20290606088384,1.0,0.0,1.0,51.05109486862584,1.0,0.0,1.0,0.020829585038893275,0.020188571918950578,0.0,-1.0,-1.0,259.201255,6.696183101742845,272.59362120348567,245.8088887965143,0.0,0.0,0.0
155,2020-10-09,264.52,264.75,262.17,264.49,12400060,0.002976430869179314,263.0266436467505,261.5080938774886,1.0,0.0,1.0,261.346114388456,262.55645280958703,-1.2103384211310413,-2.0043925329332803,1.0,0.0,1.0,51.68062233564835,1.0,0.0,1.0,0.01509743449290945,0.018841437452810094,1.0,0.0,1.0,259.09575499999994,6.589246764752651,272.27424852950526,245.91726147049465,0.0,0.0,0.0
156,2020-10-12,270.2,280.18,267.87,275.75,27501400,0.0425724980150477,269.38832182337524,263.3517006032878,1.0,0.0,1.0,263.562096790232,263.5337526014695,0.02834418876250311,-1.5978451885941236,1.0,0.0,1.0,59.6899149523882,1.0,0.0,1.0,0.024985008229033365,0.022566375798434825,0.0,-1.0,-1.0,259.57625499999995,7.427084749005391,274.4304244980107,244.72208550198917,0.0,-1.0,-1.0
157,2020-10-13,277.58,279.1,273.39,276.06,15300251,0.001124206708975617,272.7241609116876,264.99678280216176,1.0,0.0,1.0,265.48485113019626,264.4616227791384,1.0232283510578668,-1.0736304806637256,1.0,0.0,1.0,59.887050711626664,1.0,0.0,1.0,0.022595804920760854,0.02116009128479451,0.0,-1.0,-1.0,259.75625499999995,7.790497361020437,275.33724972204084,244.17526027795907,0.0,-1.0,-1.0
158,2020-10-14,277.62,278.75,271.5,271.73,12712456,-0.015684996015358887,272.2270804558438,265.8683939758599,1.0,0.0,1.0,266.44564326401223,265.0000210917948,1.4456221722174405,-0.5697799500874924,1.0,0.0,1.0,55.78342487110869,1.0,0.0,1.0,0.023576629041556822,0.021184549171443193,0.0,-1.0,-1.0,260.16275499999995,8.202812361781334,276.5683797235626,243.7571302764373,0.0,0.0,0.0
159,2020-10-15,267.68,269.04,263.67,266.72,12984052,-0.01843741949729505,269.47354022792194,265.97863389600406,1.0,0.0,1.0,266.48785199262574,265.12742693684703,1.3604250557787054,-0.18373894891425285,1.0,0.0,1.0,51.39517180200648,1.0,0.0,1.0,0.019624841533883247,0.021192596298466586,1.0,0.0,1.0,260.7552549999999,8.228319402844313,277.21189380568853,244.2986161943113,0.0,0.0,0.0
160,2020-10-16,267.375,271.37,265.3,265.93,13278027,-0.002961907618476367,267.70177011396095,265.9723382655604,1.0,0.0,1.0,266.40202860914485,265.1868767933769,1.2151518157679675,0.09603920402219121,1.0,0.0,1.0,50.717655562480545,1.0,0.0,1.0,0.014527739227009773,0.019814137155906828,1.0,0.0,1.0,261.43725499999994,8.053160632582186,277.5435762651643,245.33093373483555,0.0,0.0,0.0
161,2020-10-19,265.53,268.55,259.88,261.53,9328030,-0.016545707517015895,264.61588505698046,265.397280079334,0.0,-1.0,-1.0,265.6524857461995,264.9159970309045,0.7364887152949677,0.2241291062767465,1.0,0.0,1.0,47.00129787861972,1.0,0.0,1.0,0.01198238333421865,0.019385360863699394,1.0,0.0,1.0,262.11175499999996,7.411362835145197,276.9344806702903,247.28902932970956,0.0,0.0,0.0
162,2020-10-20,263.09,269.7,262.88,267.58,15678260,0.023133101365044206,266.0979425284902,265.67983194358993,1.0,0.0,1.0,265.9490264006303,265.11333058417085,0.835695816459463,0.34644244831328985,1.0,0.0,1.0,52.18898399160822,1.0,0.0,1.0,0.02284341567176313,0.02008343048865964,0.0,-1.0,-1.0,262.75425499999994,7.293807589532278,277.3418701790645,248.1666398209354,0.0,0.0,0.0
163,2020-10-21,279.56,283.05,276.37,278.7,24005009,0.04155766499738389,272.3989712642451,267.3652853645074,1.0,0.0,1.0,267.9107146466872,266.1197505408989,1.790964105788305,0.635346779808293,1.0,0.0,1.0,59.94889970359394,1.0,0.0,1.0,0.027204210935351865,0.02339685105391809,0.0,-1.0,-1.0,264.2382549999999,7.371298739775326,278.98085247955055,249.49565752044927,0.0,0.0,0.0
164,2020-10-22,279.87,282.45,275.04,278.12,14335259,-0.002081090778614958,275.25948563212256,268.7574771161449,1.0,0.0,1.0,269.48137393181224,267.00865790823974,2.4727160235725023,1.002820628561135,1.0,0.0,1.0,59.407302079251814,1.0,0.0,1.0,0.024879513961367245,0.022033545133766434,0.0,-1.0,-1.0,265.66825499999993,7.1361299813703845,279.9405149627407,251.39599503725915,0.0,0.0,0.0
165,2020-10-23,278.8024,285.24,276.82,284.83,15686476,0.02412627642744125,280.0447428160613,270.838056150081,1.0,0.0,1.0,271.84270101922573,268.3287573224442,3.5139436967815527,1.5050452422052185,1.0,0.0,1.0,63.514070032257884,1.0,0.0,1.0,0.019392592018735687,0.02156653915330244,1.0,0.0,1.0,267.1687549999999,7.8539983146676695,282.8767516293353,251.4607583706646,0.0,-1.0,-1.0
166,2020-10-26,283.16,285.23,274.26,277.12,16801519,-0.027068777867499838,278.58237140803067,271.6512502429302,1.0,0.0,1.0,272.6545931701141,268.9799604837446,3.6746326863694776,1.9389627310380704,1.0,0.0,1.0,56.4474301001209,1.0,0.0,1.0,0.030524198946755256,0.023500391678339345,0.0,-1.0,-1.0,268.1792549999999,7.764234868967235,283.70772473793437,252.65078526206543,0.0,0.0,0.0
167,2020-10-27,278.76,284.51,276.31,283.29,13692570,0.02226472286374137,280.9361857040153,273.15787984303597,1.0,0.0,1.0,274.2908096054812,270.03996341087463,4.250846194606538,2.401339423751764,1.0,0.0,1.0,60.25814632411108,1.0,0.0,1.0,0.0272139369857216,0.022897803350624607,0.0,-1.0,-1.0,269.25425499999994,8.302767623253695,285.8597902465073,252.64871975349254,0.0,0.0,0.0
168,2020-10-28,278.79,278.79,267.26,267.55,19025766,-0.055561438808288344,274.24309285200763,272.43194295620344,1.0,0.0,1.0,273.2537619738687,269.8555216767358,3.3982402971328725,2.600719598427986,1.0,0.0,1.0,48.58041908904222,1.0,0.0,1.0,0.04382210852077381,0.030193769526422224,0.0,-1.0,-1.0,269.5417549999999,8.128793839475643,285.7993426789512,253.2841673210486,0.0,0.0,0.0
169,2020-10-29,276.55,283.6,273.78,279.82,24121501,0.045860586806204306,277.03154642600384,273.38832277891464,1.0,0.0,1.0,274.2639524394273,270.59363118216277,3.670321257264561,2.8146399301953013,1.0,0.0,1.0,55.775419161775886,1.0,0.0,1.0,0.052534372664299486,0.032757782158295064,0.0,-1.0,-1.0,270.2012549999999,8.410312261895623,287.02187952379114,253.38063047620864,0.0,0.0,0.0
170,2020-10-30,274.5,276.7,259.1,263.75,42184495,-0.05742977628475443,270.3907732130019,272.1406473243508,0.0,-1.0,-1.0,272.64642129490005,270.08669553903957,2.559725755860484,2.763657095328338,0.0,-1.0,-1.0,46.582011724751894,1.0,0.0,1.0,0.0561014048327866,0.0373043207217509,0.0,-1.0,-1.0,270.3932549999999,8.204315860727931,286.80188672145573,253.98462327854403,0.0,0.0,0.0
171,2020-11-02,264.7,270.47,257.34,261.48,23473725,-0.00860663507108994,265.93538660650097,270.76063253325407,0.0,-1.0,-1.0,270.9285103264539,269.44916253614775,1.4793477903061216,2.506795234323895,0.0,-1.0,-1.0,45.442572316264474,1.0,0.0,1.0,0.04065087606618478,0.03484436665893295,0.0,-1.0,-1.0,270.23475499999995,8.350429764576083,286.93561452915213,253.5338954708478,0.0,0.0,0.0
172,2020-11-03,263.16,270.03,260.88,265.08,15396707,0.013767783386874566,265.50769330325045,270.0252778516744,0.0,-1.0,-1.0,270.02873950699944,269.12552086680347,0.9032186401959734,2.1860799154983104,0.0,-1.0,-1.0,47.630402252379575,1.0,0.0,1.0,0.033989919201270986,0.033128183546994684,0.0,-1.0,-1.0,270.56225499999994,7.987783278262283,286.5378215565245,254.58668844347537,0.0,0.0,0.0
173,2020-11-04,281.0,288.94,278.62,287.45,29987921,0.08438961822845936,276.4788466516252,272.2808983185721,1.0,0.0,1.0,272.70893342899956,270.4828896914847,2.2260437375148854,2.1940726799016255,1.0,0.0,1.0,58.71057791705142,1.0,0.0,1.0,0.05757363470997661,0.04315408323810155,0.0,-1.0,-1.0,272.0342549999999,8.260846451816336,288.5559479036326,255.51256209636725,0.0,0.0,0.0
174,2020-11-05,291.8965,297.38,288.95,294.715,21054834,0.02527396068881549,285.59692332581255,275.18498014427496,1.0,0.0,1.0,276.0944821322304,272.2778608254488,3.816621306781599,2.5185824052776202,1.0,0.0,1.0,61.55541196437666,1.0,0.0,1.0,0.0419310112960184,0.0406581799284453,0.0,-1.0,-1.0,273.58474999999993,9.441093752843814,292.46693750568755,254.7025624943123,0.0,-1.0,-1.0
175,2020-11-06,293.95,294.6,288.06,293.41,11926170,-0.00442800671835486,289.50346166290626,277.5441986985753,1.0,0.0,1.0,278.7584079580411,273.84320446800814,4.9152034900329795,2.997906622228692,1.0,0.0,1.0,60.745768637183886,1.0,0.0,1.0,0.03765369389489254,0.03832055686094812,1.0,0.0,1.0,275.03074999999995,10.16199968341744,295.3547493668348,254.7067506331651,0.0,0.0,0.0
176,2020-11-09,290.1,292.58,278.53,278.58,20347744,-0.05054360792065726,284.04173083145315,277.6782825935848,1.0,0.0,1.0,278.73096057988096,274.1940782111186,4.536882368762349,3.3057017715354235,1.0,0.0,1.0,52.32332429086493,1.0,0.0,1.0,0.04792192720862442,0.04134620391932317,0.0,-1.0,-1.0,275.17224999999996,10.192200123390919,295.5566502467818,254.78784975321813,0.0,0.0,0.0
177,2020-11-10,273.1,274.0,264.0,272.43,24003063,-0.022076243807882756,278.2358654157266,276.9988953681695,1.0,0.0,1.0,277.76158202913,274.06340575103576,3.6981762780942518,3.3841966728471893,1.0,0.0,1.0,49.272313652057676,1.0,0.0,1.0,0.03397726588213535,0.03943314873066896,1.0,0.0,1.0,274.99074999999993,10.207868259724036,295.406486519448,254.57501348055186,0.0,0.0,0.0
178,2020-11-11,273.48,278.4,272.48,276.35,12995178,0.014389017362258283,277.2929327078633,276.9148962282788,1.0,0.0,1.0,277.54441556311,274.23278310281086,3.3116324602991654,3.3696838303375847,0.0,-1.0,-1.0,51.224605837160276,1.0,0.0,1.0,0.03196595887316927,0.03721244090782699,1.0,0.0,1.0,275.22175,10.18243783174516,295.5866256634903,254.85687433650966,0.0,0.0,0.0
179,2020-11-12,277.18,279.75,274.43,275.08,10765432,-0.004595621494481783,276.1864663539317,276.67736994511455,0.0,-1.0,-1.0,277.16527470724697,274.29553991001006,2.8697347972369016,3.2696940237174483,0.0,-1.0,-1.0,50.54589005708992,1.0,0.0,1.0,0.02262927434120959,0.03476462267303341,1.0,0.0,1.0,275.63974999999994,9.984737362462521,295.60922472492496,255.67027527507489,0.0,0.0,0.0
180,2020-11-13,277.73,277.76,273.1,277.27,7943494,0.007961320343172984,276.72823317696583,276.7540855718943,0.0,-1.0,-1.0,277.18138629074747,274.51587028704637,2.6655160037011,3.148858419714179,0.0,-1.0,-1.0,51.733517030792946,1.0,0.0,1.0,0.017525313257782466,0.03256096275266317,1.0,0.0,1.0,276.20674999999994,9.722879456940577,295.6525089138811,256.7609910861188,0.0,0.0,0.0
181,2020-11-16,275.05,278.4895,274.63,276.44,5680297,-0.0029934720669383408,276.5841165884829,276.7134273715353,0.0,-1.0,-1.0,277.06732686140174,274.6583984139318,2.4089284474699184,3.000872425265327,0.0,-1.0,-1.0,51.231368403385225,1.0,0.0,1.0,0.012782515374987527,0.030409817451734093,1.0,0.0,1.0,276.95224999999994,9.089280336718637,295.1308106734372,258.77368932656265,0.0,0.0,0.0
182,2020-11-17,277.68,277.68,273.29,274.95,13735446,-0.005389958037910647,275.76705829424145,276.4851526916197,0.0,-1.0,-1.0,276.74158426733993,274.67999853141833,2.0615857359215966,2.813015087396581,0.0,-1.0,-1.0,50.28770961078065,1.0,0.0,1.0,0.00953446255445171,0.0284435525164325,1.0,0.0,1.0,277.3207499999999,8.835155298279888,294.9910605965597,259.65043940344015,0.0,0.0,0.0
183,2020-11-18,274.52,277.3889,271.84,271.85,10310525,-0.01127477723222392,273.80852914712074,275.88513478664805,0.0,-1.0,-1.0,275.9890328415953,274.47036901057254,1.5186638310227636,2.554144836121818,0.0,-1.0,-1.0,48.2945712038758,1.0,0.0,1.0,0.008466306148149597,0.026807482717043918,1.0,0.0,1.0,276.97824999999995,8.911317652436026,294.800885304872,259.1556146951279,0.0,0.0,0.0
184,2020-11-19,271.025,273.47,269.19,272.83,11239019,0.003604929188890882,273.31926457356036,275.4896493094592,0.0,-1.0,-1.0,275.50302778904216,274.3488601949746,1.1541675940675873,2.274149387710972,0.0,-1.0,-1.0,48.98296958917713,1.0,0.0,1.0,0.008874674436414666,0.025082926480504322,1.0,0.0,1.0,276.71374999999995,8.954050079652992,294.62185015930595,258.80564984069395,0.0,0.0,0.0
185,2020-11-20,272.56,273.0,269.41,269.7,15376295,-0.011472345416559726,271.5096322867802,274.74018246763194,0.0,-1.0,-1.0,274.6102542830357,274.00450018053203,0.6057541025036812,1.9404703306695141,0.0,-1.0,-1.0,46.83807628391054,1.0,0.0,1.0,0.008652648040782245,0.0236797273360048,1.0,0.0,1.0,275.95724999999993,8.871001171023613,293.69925234204715,258.2152476579527,0.0,0.0,0.0
186,2020-11-23,270.89,270.9471,264.53,268.32,18118397,-0.005116796440489457,269.9148161433901,273.9090934636563,0.0,-1.0,-1.0,273.64252285487635,273.5834260930852,0.05909676179112466,1.5641956168938362,0.0,-1.0,-1.0,45.88408998368221,1.0,0.0,1.0,0.006186144076676009,0.022113522026024207,1.0,0.0,1.0,275.51724999999993,9.027158361970383,293.5715667239407,257.4629332760592,0.0,0.0,0.0
187,2020-11-24,268.49,277.8199,267.87,276.82,15502326,0.031678592725104426,273.3674080716951,274.2859086750854,0.0,-1.0,-1.0,274.1313654925877,273.82317230841227,0.30819318417542263,1.3129951303501537,0.0,-1.0,-1.0,52.32514478153127,1.0,0.0,1.0,0.02340161691930932,0.023865311778649364,1.0,0.0,1.0,275.1937499999999,8.848106082658964,292.88996216531785,257.49753783468196,0.0,0.0,0.0
188,2020-11-25,278.14,280.18,272.65,275.59,11312163,-0.0044433205693230615,274.4787040358475,274.45472256250673,1.0,0.0,1.0,274.35577080142036,273.95404843371506,0.4017223677053039,1.1307405778211839,0.0,-1.0,-1.0,51.3722790034716,1.0,0.0,1.0,0.01966516580751071,0.022368541890280993,1.0,0.0,1.0,275.5957499999999,8.663257755267187,292.92226551053426,258.26923448946553,0.0,0.0,0.0
189,2020-11-27,277.39,279.13,274.82,277.8,7178906,0.008019158895460787,276.1393520179238,274.88776684241003,1.0,0.0,1.0,274.8856522165865,274.2389337349213,0.6467184816651752,1.0339361585899822,0.0,-1.0,-1.0,53.02742940739086,1.0,0.0,1.0,0.014097405492464523,0.021017904159407973,1.0,0.0,1.0,275.49474999999995,8.62309955797964,292.7409491159592,258.2485508840407,0.0,0.0,0.0
190,2020-11-30,276.03,277.7,271.01,277.46,12184623,-0.001223902087833073,276.7996760089619,275.2207409757321,1.0,0.0,1.0,275.281705721727,274.47753123603826,0.8041744856887476,0.9879838240097354,0.0,-1.0,-1.0,52.730068951404206,1.0,0.0,1.0,0.010937319920680578,0.01963868022493603,1.0,0.0,1.0,276.18024999999994,8.173525695966099,292.52730139193216,259.83319860806773,0.0,0.0,0.0
191,2020-12-01,279.16,289.3,278.96,286.51,19113315,0.032617314207453285,281.65483800448095,276.68212919723175,1.0,0.0,1.0,277.00913561069206,275.3688252185539,1.640310392138133,1.118449137635415,1.0,0.0,1.0,59.27620760572302,1.0,0.0,1.0,0.020026647043855813,0.02129898128756603,1.0,0.0,1.0,277.4317499999999,7.707157520088732,292.8460650401774,262.0174349598224,0.0,0.0,0.0
192,2020-12-02,285.36,291.78,280.825,287.56,15904492,0.0036647935499634077,284.6074190022405,278.090263445191,1.0,0.0,1.0,278.6323455167394,276.27187520236475,2.360470314374652,1.3668533729832624,1.0,0.0,1.0,59.968872938241304,1.0,0.0,1.0,0.01651265060352569,0.019882375250968323,1.0,0.0,1.0,278.55574999999993,7.445781086415895,293.44731217283174,263.6641878271681,0.0,0.0,0.0
193,2020-12-03,286.25,286.65,281.07,281.69,11226479,-0.020413131172624888,283.14870950112027,278.5562473144943,1.0,0.0,1.0,279.1027538987795,276.6732177799674,2.429536118812109,1.5793899221490317,1.0,0.0,1.0,54.39836765253742,1.0,0.0,1.0,0.02229353151722361,0.020583699491001497,0.0,-1.0,-1.0,278.2677499999999,7.19067533520339,292.6491006704067,263.88639932959313,0.0,0.0,0.0
194,2020-12-04,280.3,283.46,279.3,279.7,8779114,-0.0070645035322518535,281.42435475056016,278.70430545536186,1.0,0.0,1.0,279.19463791435186,276.89742387034016,2.297214044011696,1.7229547465215647,1.0,0.0,1.0,52.61405825119866,1.0,0.0,1.0,0.01581918440922119,0.019457040864247932,1.0,0.0,1.0,277.51699999999994,6.081365930359237,289.6797318607184,265.3542681392815,0.0,0.0,0.0
195,2020-12-07,279.19,288.49,278.2,285.58,11324390,0.021022524132999543,283.5021773752801,279.5943602411146,1.0,0.0,1.0,280.1770013121439,277.54057765772234,2.6364236544215487,1.9056485281015614,1.0,0.0,1.0,57.09249542779045,1.0,0.0,1.0,0.01996657859369353,0.019477411096768895,0.0,-1.0,-1.0,277.12549999999993,5.191269467499947,287.50803893499983,266.74296106500003,0.0,0.0,0.0
196,2020-12-08,286.01,286.4272,281.55,283.24,9029811,-0.008193851110021577,283.37108868764005,280.06628625432825,1.0,0.0,1.0,280.6482318795064,277.96275709048365,2.6854747890227486,2.061613780285799,1.0,0.0,1.0,54.870028187391476,1.0,0.0,1.0,0.017085388801174106,0.018612929410405876,1.0,0.0,1.0,277.35849999999994,5.361765493800802,288.0820309876015,266.63496901239836,0.0,0.0,0.0
197,2020-12-09,283.66,287.63,271.75,277.92,22595403,-0.018782657816692527,280.64554434382,279.78845070769984,1.0,0.0,1.0,280.22850389804387,277.95958989859594,2.268913999447932,2.103073824118226,1.0,0.0,1.0,50.09544926632067,1.0,0.0,1.0,0.016538931755707746,0.018794580929417423,1.0,0.0,1.0,277.6329999999999,5.235205822122624,288.10341164424517,267.1625883557547,0.0,0.0,0.0
198,2020-12-10,275.535,278.73,271.86,276.93,16372195,-0.0035621761658031215,278.78777217191,279.4184258737419,0.0,-1.0,-1.0,279.7210417598833,277.8833239801814,1.8377177797019044,2.0500026152349617,0.0,-1.0,-1.0,49.23683467601518,1.0,0.0,1.0,0.012258024835702836,0.01756221987310134,1.0,0.0,1.0,277.6619999999999,5.22932782235641,288.12065564471277,267.2033443552871,0.0,0.0,0.0
199,2020-12-11,274.53,276.48,270.25,273.58,13559723,-0.012096919799227335,276.183886085955,278.66264493314804,0.0,-1.0,-1.0,278.7762661045166,277.5645592409087,1.2117068636079011,1.8823434649095496,0.0,-1.0,-1.0,46.34234321047511,1.0,0.0,1.0,0.009307053226996844,0.01682219378055138,1.0,0.0,1.0,277.5869999999999,5.278830711833555,288.144661423667,267.02933857633275,0.0,0.0,0.0
200,2020-12-14,273.3722,277.22,271.56,273.92,12923540,0.0012427809050370442,275.05194304297754,278.048712218065,0.0,-1.0,-1.0,278.02914824228327,277.2945918897303,0.7345563525529428,1.6527860424382284,0.0,-1.0,-1.0,46.68491456970878,1.0,0.0,1.0,0.009231574869888548,0.015751809979806523,1.0,0.0,1.0,277.41949999999986,5.342187089079103,288.10387417815804,266.7351258218417,0.0,0.0,0.0
201,2020-12-15,274.83,276.08,267.47,275.68,19709982,0.006425233644859807,275.36597152148875,277.7420837557227,0.0,-1.0,-1.0,277.66774082039353,277.17499249049104,0.49274832990249706,1.4207784999310822,0.0,-1.0,-1.0,48.51722775374245,1.0,0.0,1.0,0.00914909901188736,0.014992078146804673,1.0,0.0,1.0,277.3814999999999,5.352214765377362,288.08592953075464,266.67707046924517,0.0,0.0,0.0
202,2020-12-16,274.76,277.86,272.51,275.7,12511476,7.254788160171444e-05,275.5329857607444,277.4777371638421,0.0,-1.0,-1.0,277.3650114634099,277.0657337874917,0.2992776759182334,1.1964783351285124,0.0,-1.0,-1.0,48.53887142428869,1.0,0.0,1.0,0.0065055475226065435,0.013992902171018994,1.0,0.0,1.0,277.4189999999999,5.336887423246594,288.0927748464931,266.74522515350674,0.0,0.0,0.0
203,2020-12-17,277.07,280.44,273.61,274.48,14041276,-0.004425099746100725,275.0064928803722,277.08968177659625,0.0,-1.0,-1.0,276.92116354596226,276.87419795138123,0.04696559458102456,0.9665757870190148,0.0,-1.0,-1.0,47.234378541472,1.0,0.0,1.0,0.005545327534628692,0.013115158640118859,1.0,0.0,1.0,277.55049999999994,5.223646110160712,287.99779222032134,267.10320777967854,0.0,0.0,0.0
204,2020-12-18,275.775,278.0,271.14,276.15,16300000,0.006084232002331547,275.5782464401861,276.9680404999349,0.0,-1.0,-1.0,276.8025230004296,276.8205536586864,-0.018030658256805054,0.7696544979638509,0.0,-1.0,-1.0,49.24518651922536,1.0,0.0,1.0,0.006265840802485032,0.012504265287112439,1.0,0.0,1.0,277.7164999999999,5.117412252093955,287.95132450418777,267.481675495812,0.0,0.0,0.0
205,2020-12-21,272.978,274.67,267.79,272.95,13200136,-0.011587905124026743,274.26412322009304,276.4479074205647,0.0,-1.0,-1.0,276.2098271542096,276.5338459802652,-0.3240188260555783,0.5509198331599651,0.0,-1.0,-1.0,45.654930502735034,1.0,0.0,1.0,0.009477667492664465,0.01230463606231737,1.0,0.0,1.0,277.8789999999999,4.896278823328594,287.6715576466571,268.0864423533427,0.0,0.0,0.0
206,2020-12-22,271.5,271.5,264.63,267.17,15904410,-0.021176039567686322,270.7170616100465,275.24688753118147,0.0,-1.0,-1.0,274.8190845151004,275.84022775950484,-1.0211432444044135,0.23650721764708937,0.0,-1.0,-1.0,39.98450213874894,1.0,0.0,1.0,0.012088419613396566,0.01331288085243564,1.0,0.0,1.0,277.8214999999999,5.019642758308522,287.86078551661694,267.78221448338286,1.0,0.0,1.0
207,2020-12-23,266.89,272.1699,266.23,268.05,13128242,0.003293782984616467,269.38353080502327,274.3152544942486,0.0,-1.0,-1.0,273.7776868973927,275.2631738513934,-1.4854869540006916,-0.10789161668246686,0.0,-1.0,-1.0,41.18227892757742,1.0,0.0,1.0,0.013120722866702603,0.012700223472285402,0.0,-1.0,-1.0,277.3829999999999,5.47421236824241,288.33142473648473,266.4345752635151,0.0,0.0,0.0
208,2020-12-24,268.875,270.4,266.2,267.32,6222157,-0.002723372505129662,268.35176540251166,273.4097227403676,0.0,-1.0,-1.0,272.78419660548616,274.674790603142,-1.8905939976558557,-0.46443209287714465,0.0,-1.0,-1.0,40.46088459755701,1.0,0.0,1.0,0.009367338429354964,0.011851596886316991,1.0,0.0,1.0,276.9694999999999,5.91164103585703,288.792782071714,265.14621792828586,0.0,0.0,0.0
209,2020-12-28,268.74,277.27,265.66,277.0,21557606,0.03621128235822235,272.67588270125583,273.8744821092378,0.0,-1.0,-1.0,273.4327817431037,274.8470283362426,-1.4142465931388983,-0.6543949929294954,0.0,-1.0,-1.0,52.374401290176216,1.0,0.0,1.0,0.025368698263715333,0.017629764072156988,0.0,-1.0,-1.0,276.9294999999999,5.908431508845941,288.7463630176918,265.112636982308,0.0,0.0,0.0
210,2020-12-29,276.95,280.51,276.28,276.78,15723232,-0.0007942238267149015,274.72794135062793,274.2505997635301,1.0,0.0,1.0,273.9477383980108,274.99021142244686,-1.042473024436049,-0.7320105992308062,0.0,-1.0,-1.0,52.11915059361559,1.0,0.0,1.0,0.020743553104767946,0.01647502301501116,0.0,-1.0,-1.0,276.8954999999999,5.907174473734848,288.7098489474696,265.08115105253023,0.0,0.0,0.0
211,2020-12-30,277.95,278.08,271.71,271.88,10365805,-0.01770359129994936,273.30397067531396,273.94372695949073,0.0,-1.0,-1.0,273.62962479831685,274.7598253911545,-1.1302005928376389,-0.8116485979521728,0.0,-1.0,-1.0,46.66421180383045,1.0,0.0,1.0,0.02138601245454478,0.0167632885828938,0.0,-1.0,-1.0,276.1639999999999,5.548894057660923,287.26178811532174,265.066211884678,0.0,0.0,0.0
212,2020-12-31,272.0,277.09,269.81,273.2,11199425,0.004855083124908122,273.25198533765695,273.8474519235232,0.0,-1.0,-1.0,273.56352867549884,274.6442827695875,-1.080754094088661,-0.8654696971794705,0.0,-1.0,-1.0,48.23596098542737,1.0,0.0,1.0,0.01628109937909132,0.015771614341443092,0.0,-1.0,-1.0,275.44599999999986,4.886179650701998,285.21835930140384,265.6736406985959,0.0,0.0,0.0
213,2021-01-04,274.78,275.0,265.2,268.94,12460207,-0.015592972181551978,271.09599266882844,273.2121850363717,0.0,-1.0,-1.0,272.8522165715759,274.2217433051736,-1.369526733597695,-0.9662811044631155,0.0,-1.0,-1.0,43.75461248898861,1.0,0.0,1.0,0.014929540869801,0.0156576526187477,1.0,0.0,1.0,274.80849999999987,4.860326256104274,284.52915251220844,265.0878474877913,0.0,0.0,0.0
214,2021-01-05,268.29,272.4,268.2111,270.97,8053296,0.007548152004164699,271.03299633441424,272.92193544642754,0.0,-1.0,-1.0,272.56264479133347,273.9808734307163,-1.4182286393828463,-1.0566706114470619,0.0,-1.0,-1.0,46.31419073046409,1.0,0.0,1.0,0.014147402329868431,0.014998384334867996,1.0,0.0,1.0,274.3719999999999,4.789403434995331,283.9508068699906,264.79319313000923,0.0,0.0,0.0
215,2021-01-06,262.0,267.75,260.01,263.24,21446415,-0.028527143226187435,267.13649816720715,271.66861435668415,0.0,-1.0,-1.0,271.12839174651293,273.1852531765892,-2.0568614300762533,-1.2567087751729002,0.0,-1.0,-1.0,39.030468149821544,1.0,0.0,1.0,0.020055474572856533,0.016968636488673777,0.0,-1.0,-1.0,273.2549999999999,4.640653878608056,282.536307757216,263.9736922427838,1.0,0.0,1.0
216,2021-01-07,265.9,271.61,264.78,268.63,13968342,0.02047561160917799,267.8832490836036,271.27526743985106,0.0,-1.0,-1.0,270.74402378551093,272.84782701536034,-2.1038032298494045,-1.4261276661082012,0.0,-1.0,-1.0,45.4701919380333,1.0,0.0,1.0,0.02560301624954478,0.018063244460005946,0.0,-1.0,-1.0,272.5244999999999,4.105166802174018,280.7348336043479,264.31416639565185,0.0,0.0,0.0
217,2021-01-08,268.31,268.95,263.18,267.54,16730340,-0.004057625730558678,267.7116245418018,270.791739173824,0.0,-1.0,-1.0,270.2510970492785,272.45465464385217,-2.203557594573681,-1.581613651801297,0.0,-1.0,-1.0,44.44777779425499,1.0,0.0,1.0,0.018622872774365036,0.016881273293484628,0.0,-1.0,-1.0,272.00549999999987,4.042811000957269,280.0911220019144,263.9198779980853,0.0,0.0,0.0
218,2021-01-11,260.48,263.47,255.9,256.81,27236030,-0.04010615235105042,262.26081227090094,268.9818109136318,0.0,-1.0,-1.0,268.1832359647741,271.29579133690015,-3.112555372126053,-1.8878019958662484,0.0,-1.0,-1.0,35.89206154907262,1.0,0.0,1.0,0.027601460922562687,0.020669435081853885,0.0,-1.0,-1.0,270.9994999999999,5.114241699204509,281.2279833984089,260.7710166015909,1.0,0.0,1.0
219,2021-01-12,256.63,259.72,250.3,250.91,24074761,-0.022974183248315905,256.58540613545046,266.6424251706431,0.0,-1.0,-1.0,265.5258150471165,269.785732719352,-4.259917672235474,-2.3622251311400935,0.0,-1.0,-1.0,32.21955309001673,1.0,0.0,1.0,0.019585769382729722,0.020107310680046096,1.0,0.0,1.0,269.8659999999999,6.759735591215487,283.3854711824308,256.3465288175689,1.0,0.0,1.0
220,2021-01-13,251.55,253.95,249.2,251.64,16896303,0.0029094097485153902,254.11270306772522,264.7003696831112,0.0,-1.0,-1.0,263.38953580909856,268.44160436977035,-5.052068560671785,-2.900193817046432,0.0,-1.0,-1.0,33.1312347881199,1.0,0.0,1.0,0.020438902657135605,0.01919344801188181,0.0,-1.0,-1.0,268.7519999999999,7.810649679830746,284.37329935966136,253.1307006403384,1.0,0.0,1.0
221,2021-01-14,253.4,255.03,244.61,245.71,27927382,-0.02356541090446662,249.91135153386261,262.242077024834,0.0,-1.0,-1.0,260.6696072230834,266.7577818238614,-6.088174600778018,-3.537789973792749,0.0,-1.0,-1.0,29.643202863657095,0.0,0.0,0.0,0.01686732092488112,0.018788588534742568,1.0,0.0,1.0,267.2534999999999,9.168439157181272,285.59037831436245,248.91662168563738,1.0,0.0,1.0
222,2021-01-15,247.9,253.86,247.16,251.36,22675147,0.02299458711489155,250.6356757669313,260.83339828380093,0.0,-1.0,-1.0,259.23735995799365,265.6172053924643,-6.379845434470667,-4.1062010659283334,0.0,-1.0,-1.0,36.502475443091086,1.0,0.0,1.0,0.02694696141856072,0.02083092591260337,0.0,-1.0,-1.0,266.0364999999999,9.593812301357145,285.22412460271414,246.84887539728558,0.0,0.0,0.0
223,2021-01-19,256.9,262.2,252.7201,261.08,25191870,0.038669637173774474,255.85783788346566,260.8653207370531,0.0,-1.0,-1.0,259.52084304137924,265.2811161041336,-5.760273062754379,-4.437015465293543,0.0,-1.0,-1.0,46.21696161834538,1.0,0.0,1.0,0.028863952281951804,0.02470452103193307,0.0,-1.0,-1.0,265.3664999999999,9.439780480832349,284.2460609616646,246.4869390383352,0.0,0.0,0.0
224,2021-01-20,268.93,270.32,263.6,267.35,22539886,0.024015627393902506,261.60391894173284,261.70475881484685,0.0,-1.0,-1.0,260.7253287273209,265.4343667630867,-4.709038035765786,-4.491419979387992,0.0,-1.0,-1.0,51.3838551910716,1.0,0.0,1.0,0.020495083592444095,0.024457506701033423,1.0,0.0,1.0,264.9264999999999,9.110023557077888,283.1465471141557,246.70645288584416,0.0,0.0,0.0
225,2021-01-21,269.26,273.6,267.4901,272.89,17034362,0.02072190013091446,267.2469594708664,263.15268198566196,1.0,0.0,1.0,262.5968166154254,265.98663589174697,-3.389819276321589,-4.271099838774711,1.0,0.0,1.0,55.45580318397133,1.0,0.0,1.0,0.014532669855464591,0.023588246406712365,1.0,0.0,1.0,264.9235,9.10725175196513,283.13800350393024,246.70899649606974,0.0,0.0,0.0
226,2021-01-22,272.01,278.47,272.0,274.53,19132340,0.006009747517314645,270.8884797354332,264.6254693938189,1.0,0.0,1.0,264.432690982283,266.6194776775435,-2.18678669526048,-3.8542372100718656,1.0,0.0,1.0,56.61427982977248,1.0,0.0,1.0,0.014029377143604025,0.022008757751246413,1.0,0.0,1.0,265.2914999999999,9.348313259057022,283.988126518114,246.59487348188588,0.0,0.0,0.0
227,2021-01-25,278.14,280.1,271.51,278.0,17646954,0.012639784358722261,274.4442398677166,266.35679484696783,1.0,0.0,1.0,266.51996929270103,267.4624793310588,-0.9425100383577387,-3.27189177572904,1.0,0.0,1.0,59.041507025780845,1.0,0.0,1.0,0.009946038110633866,0.02067197170072701,1.0,0.0,1.0,265.78899999999993,9.758598853264486,285.3061977065289,246.27180229347096,0.0,0.0,0.0
228,2021-01-26,278.1398,285.39,277.81,282.02,17018388,0.014460431654676142,278.23211993385826,268.3843879310051,1.0,0.0,1.0,268.90458940151626,268.5408141954248,0.36377520609147496,-2.5447583793649375,1.0,0.0,1.0,61.71381768215835,1.0,0.0,1.0,0.00707355093918275,0.01947604039899058,1.0,0.0,1.0,266.524,10.41171324190051,287.34742648380103,245.70057351619897,0.0,0.0,0.0
229,2021-01-27,282.53,283.45,268.1201,272.39,27484121,-0.03414651443160055,275.3110599669291,268.90291215699074,1.0,0.0,1.0,269.4408064166676,268.8259390698378,0.6148673468298398,-1.9128332341259822,1.0,0.0,1.0,52.82283791185851,1.0,0.0,1.0,0.02980959418785919,0.02328550804724504,0.0,-1.0,-1.0,266.2935,10.21678818364466,286.7270763672893,245.85992363271066,0.0,0.0,0.0
230,2021-01-28,277.18,286.79,264.7,265.0,35383730,-0.027130217702558745,270.1555299834646,268.39768237676356,1.0,0.0,1.0,268.75760542948797,268.5425361757757,0.21506925371227226,-1.4872527365583315,1.0,0.0,1.0,47.202816658612434,1.0,0.0,1.0,0.02350322332327341,0.024015875593567965,1.0,0.0,1.0,265.7045,9.915539359483237,285.53557871896646,245.87342128103353,0.0,0.0,0.0
231,2021-01-29,265.3,266.56,254.85,258.33,28139673,-0.025169811320754798,264.2427649917323,267.094426564178,0.0,-1.0,-1.0,267.153358440336,267.7860520146071,-0.6326935742711157,-1.3163409041008884,1.0,0.0,1.0,42.77885399654182,1.0,0.0,1.0,0.017093401401862163,0.02387021395265192,1.0,0.0,1.0,265.027,9.934275647049793,284.89555129409956,245.1584487059004,0.0,0.0,0.0
232,2021-02-01,259.52,264.17,254.91,261.98,19629047,0.01412921457051075,263.11138249586617,266.43236692638186,0.0,-1.0,-1.0,266.35745714182275,267.3559740875992,-0.99851694577643,-1.2527761124359968,1.0,0.0,1.0,45.77390082078391,1.0,0.0,1.0,0.02516008466645707,0.023204199700402016,0.0,-1.0,-1.0,264.466,9.76378561182454,283.9935712236491,244.93842877635092,0.0,0.0,0.0
233,2021-02-02,264.0,268.85,263.27,267.0,15002887,0.01916176807389869,265.05569124793305,266.50584670801624,0.0,-1.0,-1.0,266.45630988923466,267.3296056366659,-0.873295747431257,-1.176880039435049,1.0,0.0,1.0,49.675328408011005,1.0,0.0,1.0,0.02271016959165657,0.022886527284855938,1.0,0.0,1.0,264.369,9.726564222732254,283.82212844546456,244.91587155453553,0.0,0.0,0.0
234,2021-02-03,265.62,269.2,263.84,266.68,13254318,-0.00119850187265913,265.86784562396656,266.52839075356366,0.0,-1.0,-1.0,266.49072375242935,267.2814867006166,-0.7907629481872505,-1.0996566211854892,1.0,0.0,1.0,49.43118379715359,1.0,0.0,1.0,0.016945484634101192,0.021363023830236624,1.0,0.0,1.0,264.15450000000004,9.620051140579044,283.39460228115814,244.91439771884194,0.0,0.0,0.0
235,2021-02-04,267.01,268.16,264.0,266.63,14013929,-0.00018749062546874473,266.2489228119833,266.5415440132788,0.0,-1.0,-1.0,266.5121508674402,267.23322842649685,-0.7210775590566527,-1.023940808759722,1.0,0.0,1.0,49.390337461837106,1.0,0.0,1.0,0.012162511644985463,0.019933332094339114,1.0,0.0,1.0,264.32400000000007,9.63294642578754,283.58989285157514,245.058107148425,0.0,0.0,0.0
236,2021-02-05,266.8,269.17,265.67,268.1433,10059039,0.00567565540261783,267.19611140599164,266.7488904234969,1.0,0.0,1.0,266.763096887834,267.3006411356452,-0.5375442478111836,-0.9266614965700143,1.0,0.0,1.0,50.717679790933595,1.0,0.0,1.0,0.008969525743416779,0.01869251361012047,1.0,0.0,1.0,264.29966500000006,9.622104629842974,283.543874259686,245.0554557403141,0.0,0.0,0.0
237,2021-02-08,268.75,269.86,265.0,266.58,12032922,-0.005830091596545683,266.8880557029958,266.72702765331053,1.0,0.0,1.0,266.73492813585955,267.24726031078256,-0.5123321749230172,-0.8437956322406148,1.0,0.0,1.0,49.279806952596516,1.0,0.0,1.0,0.008575755776119019,0.01760143598330966,1.0,0.0,1.0,264.25166500000006,9.607472775329537,283.46661055065914,245.03671944934098,0.0,0.0,0.0
238,2021-02-09,266.44,273.39,265.75,269.41,13778153,0.010615950183809897,268.1490278514979,267.0743369122815,1.0,0.0,1.0,267.14647765341965,267.40746325072456,-0.26098559730490933,-0.7272336252534737,1.0,0.0,1.0,51.936290784401244,1.0,0.0,1.0,0.009401947567232631,0.016824869943248076,1.0,0.0,1.0,264.881665,9.506394444752674,283.89445388950537,245.86887611049465,0.0,0.0,0.0
239,2021-02-10,272.4465,273.7999,267.72,271.94,12452712,0.009390891206710883,270.04451392574896,267.7041942581775,1.0,0.0,1.0,267.8839426298166,267.74320671363387,0.1407359161827344,-0.5536397169662322,1.0,0.0,1.0,54.24355496329226,1.0,0.0,1.0,0.007230293243275536,0.01593841434971728,1.0,0.0,1.0,265.93316500000003,9.030820900336867,283.99480680067376,247.8715231993263,0.0,0.0,0.0
240,2021-02-11,271.89,273.58,268.49,270.43,11926999,-0.0055526954475251245,270.2372569628745,268.0570482760206,1.0,0.0,1.0,268.27564376369094,267.9422284385499,0.3334153251410612,-0.37622870854477347,1.0,0.0,1.0,52.61998187623566,1.0,0.0,1.0,0.009267661940768288,0.01513229170710962,1.0,0.0,1.0,266.872665,8.42250291229664,283.71767082459326,250.0276591754067,0.0,0.0,0.0
241,2021-02-12,270.52,271.18,268.34,270.56,7996772,0.00048071589690490413,270.39862848143724,268.3810539667868,1.0,0.0,1.0,268.62708318466156,268.13613744310175,0.49094574155981263,-0.2027938185238563,1.0,0.0,1.0,52.7511011332486,1.0,0.0,1.0,0.0065554375691247585,0.01412296862824445,1.0,0.0,1.0,268.11516500000005,6.815981511531552,281.74712802306317,254.48320197693695,0.0,0.0,0.0
242,2021-02-16,270.8,276.6,270.05,273.97,13233004,0.012603489059727968,272.18431424071866,269.1045398825546,1.0,0.0,1.0,269.4490703870213,268.5682754102794,0.8807949767419245,0.01392394052929985,1.0,0.0,1.0,56.17696000597211,1.0,0.0,1.0,0.00867991417474378,0.013749058981756043,1.0,0.0,1.0,269.24566500000003,5.6692959232641815,280.5842568465284,257.9070731534717,0.0,0.0,0.0
243,2021-02-17,271.24,273.97,269.58,273.51,11919218,-0.0016790159506516744,272.8471571203593,269.6748242131793,1.0,0.0,1.0,270.0738287890181,268.93432908359205,1.139499705426033,0.2390390935086465,1.0,0.0,1.0,55.5913971747672,1.0,0.0,1.0,0.007965290167159047,0.012922053228436994,1.0,0.0,1.0,269.86716500000006,5.402039732434683,280.6712444648694,259.0630855351307,0.0,0.0,0.0
244,2021-02-18,269.565,271.95,266.03,269.39,14223451,-0.0150634346093379,271.1185785601797,269.63795387922363,1.0,0.0,1.0,269.96862435993836,268.96808248480744,1.0005418751309207,0.3913396498331014,1.0,0.0,1.0,50.51283175054669,1.0,0.0,1.0,0.012122590222334074,0.013471420714383842,1.0,0.0,1.0,269.9691650000001,5.371180988166856,280.7115269763338,259.2268030236664,0.0,0.0,0.0
245,2021-02-19,269.86,270.27,260.15,261.6185,23008244,-0.028848509595753358,266.36853928008986,268.5998400918854,0.0,-1.0,-1.0,268.6839898430248,268.4236689674143,0.2603208756104891,0.36513589498857896,0.0,-1.0,-1.0,42.60609142361627,1.0,0.0,1.0,0.01625318454854056,0.016079537968093884,0.0,-1.0,-1.0,269.40559,5.633509293213607,280.67260858642726,258.1385714135728,0.0,0.0,0.0
246,2021-02-22,257.95,263.07,257.53,260.33,15567869,-0.004925110418414591,263.3492696400449,267.5293139503597,0.0,-1.0,-1.0,267.3987606364056,267.824137932791,-0.4253772963854203,0.20703325671377912,0.0,-1.0,-1.0,41.44768672123674,1.0,0.0,1.0,0.01385916817460318,0.015008227858712706,1.0,0.0,1.0,268.69559000000004,5.844551525623807,280.38469305124767,257.0064869487524,0.0,0.0,0.0
247,2021-02-23,259.5,267.46,254.96,265.86,20722117,0.021242269427265592,264.60463482002245,267.31322219980376,0.0,-1.0,-1.0,267.16202823080476,267.67864623406575,-0.5166180032609873,0.06230300471882584,0.0,-1.0,-1.0,47.98424202666207,1.0,0.0,1.0,0.022179431152946186,0.016513052222517848,0.0,-1.0,-1.0,268.08859,5.444052347952816,278.9766946959056,257.2004853040944,0.0,0.0,0.0
248,2021-02-24,262.325,266.38,258.39,264.34,14151577,-0.005717294816821039,264.4723174100112,266.9283402608437,0.0,-1.0,-1.0,266.72787004145016,267.4313391056164,-0.7034690641662564,-0.09085140905819063,0.0,-1.0,-1.0,46.449316358652645,1.0,0.0,1.0,0.01700023187807874,0.015507631740963344,0.0,-1.0,-1.0,267.20459,4.397696979686693,275.99998395937337,258.4091960406266,0.0,0.0,0.0
249,2021-02-25,262.3,266.94,254.04,254.67,16971760,-0.036581675115381684,259.5711587050056,265.34150501915303,0.0,-1.0,-1.0,264.87281311199627,266.4860547274226,-1.6132416154263183,-0.3953294503318162,0.0,-1.0,-1.0,38.09952158051362,1.0,0.0,1.0,0.02522888072901527,0.01897327698041905,0.0,-1.0,-1.0,266.31859,5.036616373476016,276.391822746952,256.2453572530479,1.0,0.0,1.0
250,2021-02-26,256.47,265.55,256.47,257.2899,20820898,0.010287430792790708,258.4305293525028,264.29922928486155,0.0,-1.0,-1.0,263.70621109476605,265.8048580809468,-2.0986469861807677,-0.7359929575016065,0.0,-1.0,-1.0,41.1843586858393,1.0,0.0,1.0,0.025067746148845133,0.018574525477682367,0.0,-1.0,-1.0,265.933085,5.423093246309897,276.7792714926198,255.08689850738023,0.0,0.0,0.0
251,2021-03-01,260.82,266.65,257.9039,264.39,19336849,0.02759571984753384,261.41026467625136,264.3109795028054,0.0,-1.0,-1.0,263.81140938787894,265.7000537786545,-1.8886443907755393,-0.9665232441563931,0.0,-1.0,-1.0,48.65264173209447,1.0,0.0,1.0,0.026281803383212447,0.0204831782607174,0.0,-1.0,-1.0,266.236085,5.137718603904737,276.5115222078095,255.9606477921905,0.0,0.0,0.0
